,VersionPersist,LevelName,Experiment,SessionDate,SessionTime,SessionStartDateTimeUtc,Subject,Session,Group,DataFile.Basename,RandomSeed,Display.RefreshRate,Level,Procedure,Type,Gender,Cue,SameTrainList1,Emotion,Running,SameTrainList1.Cycle,SameTrainList1.Sample,TrainCue1.OnsetDelay,TrainCue1.OnsetTime,TrainCue1.DurationError,TrainCue1.OnsetToOnsetTime,PauseCue1.OnsetDelay,PauseCue1.OnsetTime,PauseCue1.DurationError,PauseCue1.OnsetToOnsetTime,TrainImage1.OnsetDelay,TrainImage1.OnsetTime,TrainImage1.DurationError,TrainImage1.OnsetToOnsetTime,PauseImage1.OnsetDelay,PauseImage1.OnsetTime,PauseImage1.DurationError,PauseImage1.OnsetToOnsetTime,SameTrainList2,SameTrainList2.Cycle,SameTrainList2.Sample,TrainCue2.OnsetDelay,TrainCue2.OnsetTime,TrainCue2.DurationError,TrainCue2.OnsetToOnsetTime,PauseCue2.OnsetDelay,PauseCue2.OnsetTime,PauseCue2.DurationError,PauseCue2.OnsetToOnsetTime,TrainImage2.OnsetDelay,TrainImage2.OnsetTime,TrainImage2.DurationError,TrainImage2.OnsetToOnsetTime,PauseImage2.OnsetDelay,PauseImage2.OnsetTime,PauseImage2.DurationError,PauseImage2.OnsetToOnsetTime,SameTrainList3,SameTrainList3.Cycle,SameTrainList3.Sample,TrainCue3.OnsetDelay,TrainCue3.OnsetTime,TrainCue3.DurationError,TrainCue3.OnsetToOnsetTime,PauseCue3.OnsetDelay,PauseCue3.OnsetTime,PauseCue3.DurationError,PauseCue3.OnsetToOnsetTime,TrainImage3.OnsetDelay,TrainImage3.OnsetTime,TrainImage3.DurationError,TrainImage3.OnsetToOnsetTime,PauseImage3.OnsetDelay,PauseImage3.OnsetTime,PauseImage3.DurationError,PauseImage3.OnsetToOnsetTime,MainList,MainList.Cycle,MainList.Sample,SameInstruct1.OnsetDelay,SameInstruct1.OnsetTime,SameInstruct1.DurationError,SameInstruct1.ACC,SameInstruct1.RESP,SameInstruct1.CRESP,SameInstruct1.OnsetToOnsetTime,SameInstruct2.OnsetDelay,SameInstruct2.OnsetTime,SameInstruct2.DurationError,SameInstruct2.RTTime,SameInstruct2.ACC,SameInstruct2.RT,SameInstruct2.RESP,SameInstruct2.CRESP,SameInstruct2.OnsetToOnsetTime,SameInstruct3.OnsetDelay,SameInstruct3.OnsetTime,SameInstruct3.DurationError,SameInstruct3.RTTime,SameInstruct3.ACC,SameInstruct3.RT,SameInstruct3.RESP,SameInstruct3.CRESP,SameInstruct3.OnsetToOnsetTime,InstructionsImage5.OnsetDelay,InstructionsImage5.OnsetTime,InstructionsImage5.DurationError,InstructionsImage5.RTTime,InstructionsImage5.ACC,InstructionsImage5.RT,InstructionsImage5.RESP,InstructionsImage5.CRESP,InstructionsImage5.OnsetToOnsetTime,InstructionsImage6.OnsetDelay,InstructionsImage6.OnsetTime,InstructionsImage6.DurationError,InstructionsImage6.RTTime,InstructionsImage6.ACC,InstructionsImage6.RT,InstructionsImage6.RESP,InstructionsImage6.CRESP,InstructionsImage6.OnsetToOnsetTime,InstructionsImage7.OnsetDelay,InstructionsImage7.OnsetTime,InstructionsImage7.DurationError,InstructionsImage7.RTTime,InstructionsImage7.ACC,InstructionsImage7.RT,InstructionsImage7.RESP,InstructionsImage7.CRESP,InstructionsImage7.OnsetToOnsetTime,Run1TrialList,Valence,Image,ISICue,ISIImage,Run1TrialList.Cycle,Run1TrialList.Sample,ISICue.OnsetDelay,ISICue.OnsetTime,ISICue.DurationError,ISICue.RTTime,ISICue.ACC,ISICue.RT,ISICue.RESP,ISICue.CRESP,ISICue.OnsetToOnsetTime,Cue.OnsetDelay,Cue.OnsetTime,Cue.DurationError,Cue.TimingMode,Cue.RTTime,Cue.ACC,Cue.RT,Cue.RESP,Cue.CRESP,Cue.OnsetToOnsetTime,ISIImage.OnsetDelay,ISIImage.OnsetTime,ISIImage.DurationError,ISIImage.RTTime,ISIImage.ACC,ISIImage.RT,ISIImage.RESP,ISIImage.CRESP,ISIImage.OnsetToOnsetTime,Image.OnsetDelay,Image.OnsetTime,Image.DurationError,Image.TimingMode,Image.RTTime,Image.ACC,Image.RT,Image.RESP,Image.CRESP,Image.OnsetToOnsetTime,StudyList,StudyList.Cycle,StudyList.Sample,ExperimenterPause1.OnsetDelay,ExperimenterPause1.OnsetTime,ExperimenterPause1.DurationError,ExperimenterPause1.RTTime,ExperimenterPause1.ACC,ExperimenterPause1.RT,ExperimenterPause1.RESP,ExperimenterPause1.CRESP,ExperimenterPause1.OnsetToOnsetTime,TrialInstructions1.OnsetDelay,TrialInstructions1.OnsetTime,TrialInstructions1.DurationError,TrialInstructions1.RTTime,TrialInstructions1.ACC,TrialInstructions1.RT,TrialInstructions1.RESP,TrialInstructions1.CRESP,TrialInstructions1.OnsetToOnsetTime,TrialInstructions2.OnsetDelay,TrialInstructions2.OnsetTime,TrialInstructions2.DurationError,TrialInstructions2.RTTime,TrialInstructions2.ACC,TrialInstructions2.RT,TrialInstructions2.RESP,TrialInstructions2.CRESP,TrialInstructions2.OnsetToOnsetTime,TrialInstructions5.OnsetDelay,TrialInstructions5.OnsetTime,TrialInstructions5.DurationError,TrialInstructions5.RTTime,TrialInstructions5.ACC,TrialInstructions5.RT,TrialInstructions5.RESP,TrialInstructions5.CRESP,TrialInstructions5.OnsetToOnsetTime,trialInstruction.OnsetDelay,trialInstruction.OnsetTime,trialInstruction.DurationError,trialInstruction.RTTime,trialInstruction.ACC,trialInstruction.RT,trialInstruction.RESP,trialInstruction.CRESP,trialInstruction.OnsetToOnsetTime,ScannerWait5.OnsetDelay,ScannerWait5.OnsetTime,ScannerWait5.DurationError,ScannerWait5.RTTime,ScannerWait5.ACC,ScannerWait5.RT,ScannerWait5.RESP,ScannerWait5.CRESP,ScannerWait5.OnsetToOnsetTime,fixationbefore.OnsetDelay,fixationbefore.OnsetTime,fixationbefore.DurationError,fixationbefore.RTTime,fixationbefore.ACC,fixationbefore.RT,fixationbefore.RESP,fixationbefore.CRESP,fixationbefore.OnsetToOnsetTime,fixationafter.OnsetDelay,fixationafter.OnsetTime,fixationafter.DurationError,fixationafter.RTTime,fixationafter.ACC,fixationafter.RT,fixationafter.RESP,fixationafter.CRESP,fixationafter.OnsetToOnsetTime,EndOfRun.OnsetDelay,EndOfRun.OnsetTime,EndOfRun.DurationError,EndOfRun.RTTime,EndOfRun.ACC,EndOfRun.RT,EndOfRun.RESP,EndOfRun.CRESP,EndOfRun.OnsetToOnsetTime,Run2TrialList,Run2TrialList.Cycle,Run2TrialList.Sample,trialInstruction1.OnsetDelay,trialInstruction1.OnsetTime,trialInstruction1.DurationError,trialInstruction1.RTTime,trialInstruction1.ACC,trialInstruction1.RT,trialInstruction1.RESP,trialInstruction1.CRESP,trialInstruction1.OnsetToOnsetTime,Run3TrialList,Run3TrialList.Cycle,Run3TrialList.Sample,trialInstruction2.OnsetDelay,trialInstruction2.OnsetTime,trialInstruction2.DurationError,trialInstruction2.RTTime,trialInstruction2.ACC,trialInstruction2.RT,trialInstruction2.RESP,trialInstruction2.CRESP,trialInstruction2.OnsetToOnsetTime,Run4TrialList,Run4TrialList.Cycle,Run4TrialList.Sample,trialInstruction3.OnsetDelay,trialInstruction3.OnsetTime,trialInstruction3.DurationError,trialInstruction3.RTTime,trialInstruction3.ACC,trialInstruction3.RT,trialInstruction3.RESP,trialInstruction3.CRESP,trialInstruction3.OnsetToOnsetTime,CueList,Fear,Neutral,Unknown,EmotionList,Shape,CueList.Cycle,CueList.Sample,Clock.Information,StudioVersion,RuntimeVersion,RuntimeVersionExpected,RuntimeCapabilities,ExperimentVersion
0,1,LogLevel10,UncertainTask_Final_newgsr,05-09-2024,18:10:50,,120,1,2,UncertainTask_Final_newgsr-120-1,-253518359,60.026,0,,,,,,,,,,,,,,,,,,,,,,,,,,,,,,,,,,,,,,,,,,,,,,,,,,,,,,,,,,,,,,,,,,,,,,,,,,,,,,,,,,,,,,,,,,,,,,,,,,,,,,,,,,,,,,,,,,,,,,,,,,,,,,,,,,,,,,,,,,,,,,,,,,,,,,,,,,,,,,,,,,,,,,,,,,,,,,,,,,,,,,,,,,,,,,,,,,,,,,,,,,,,,,,,,,,,,,,,,,,,,,,,,,,,,,,,,,,,,,,,,,,,,,,,,,,,,,,,,,,,,,,,,,,,,,,,,,,,,,,,,,,,,,,,,,,,,,,,,
1,,,,,,,,,,,,,4,SameDisplayProc,2,M,X.bmp,1,FearExample.bmp,SameTrainList1,2,1,17,46743,0,3015,15,49758,0,1017,17,50775,0,3015,15,53790,0,0,,,,,,,,,,,,,,,,,,,,,,,,,,,,,,,,,,,,,,,,,,,,,,,,,,,,,,,,,,,,,,,,,,,,,,,,,,,,,,,,,,,,,,,,,,,,,,,,,,,,,,,,,,,,,,,,,,,,,,,,,,,,,,,,,,,,,,,,,,,,,,,,,,,,,,,,,,,,,,,,,,,,,,,,,,,,,,,,,,,,,,,,,,,,,,,,,,,,,,,,,,,,,,,,,,,,,,,,,,,,,,,,,,,,,,,,,,,,,,,,,,,,,,,,,,,,,,,,,,,,,,,,,,,,,,,,
2,,,,,,,,,,,,,4,SameDisplayProc,2,M,X.bmp,2,FearExample.bmp,SameTrainList1,2,2,16,54806,0,3016,16,57822,0,1016,16,58838,0,3015,15,61853,0,0,,,,,,,,,,,,,,,,,,,,,,,,,,,,,,,,,,,,,,,,,,,,,,,,,,,,,,,,,,,,,,,,,,,,,,,,,,,,,,,,,,,,,,,,,,,,,,,,,,,,,,,,,,,,,,,,,,,,,,,,,,,,,,,,,,,,,,,,,,,,,,,,,,,,,,,,,,,,,,,,,,,,,,,,,,,,,,,,,,,,,,,,,,,,,,,,,,,,,,,,,,,,,,,,,,,,,,,,,,,,,,,,,,,,,,,,,,,,,,,,,,,,,,,,,,,,,,,,,,,,,,,,,,,,,,,,
3,,,,,,,,,,,,,4,SameDisplayProc1,1,,o.bmp,,NeutralExample.bmp,SameTrainList2,,,,,,,,,,,,,,,,,,,1,2,1,16,70950,0,3015,15,73965,0,1016,16,74981,0,3016,16,77997,0,0,,,,,,,,,,,,,,,,,,,,,,,,,,,,,,,,,,,,,,,,,,,,,,,,,,,,,,,,,,,,,,,,,,,,,,,,,,,,,,,,,,,,,,,,,,,,,,,,,,,,,,,,,,,,,,,,,,,,,,,,,,,,,,,,,,,,,,,,,,,,,,,,,,,,,,,,,,,,,,,,,,,,,,,,,,,,,,,,,,,,,,,,,,,,,,,,,,,,,,,,,,,,,,,,,,,,,,,,,,,,,,,,,,,,,,,,,,,,,,,,,,,,,,,,,,,,,
4,,,,,,,,,,,,,4,SameDisplayProc1,1,,o.bmp,,NeutralExample.bmp,SameTrainList2,,,,,,,,,,,,,,,,,,,2,2,2,16,79013,0,3015,15,82028,0,1017,17,83045,0,3015,15,86060,0,0,,,,,,,,,,,,,,,,,,,,,,,,,,,,,,,,,,,,,,,,,,,,,,,,,,,,,,,,,,,,,,,,,,,,,,,,,,,,,,,,,,,,,,,,,,,,,,,,,,,,,,,,,,,,,,,,,,,,,,,,,,,,,,,,,,,,,,,,,,,,,,,,,,,,,,,,,,,,,,,,,,,,,,,,,,,,,,,,,,,,,,,,,,,,,,,,,,,,,,,,,,,,,,,,,,,,,,,,,,,,,,,,,,,,,,,,,,,,,,,,,,,,,,,,,,,,,
5,,,,,,,,,,,,,4,SameDisplayProc2,3,,question.bmp,,FearExample.bmp,SameTrainList3,,,,,,,,,,,,,,,,,,,,,,,,,,,,,,,,,,,,,,1,2,1,28,99538,0,3015,15,102553,0,1017,17,103570,0,3015,15,106585,0,0,,,,,,,,,,,,,,,,,,,,,,,,,,,,,,,,,,,,,,,,,,,,,,,,,,,,,,,,,,,,,,,,,,,,,,,,,,,,,,,,,,,,,,,,,,,,,,,,,,,,,,,,,,,,,,,,,,,,,,,,,,,,,,,,,,,,,,,,,,,,,,,,,,,,,,,,,,,,,,,,,,,,,,,,,,,,,,,,,,,,,,,,,,,,,,,,,,,,,,,,,,,,,,,,,,,,,,,,,,,,,,,,,,,,,,,,,,
6,,,,,,,,,,,,,4,SameDisplayProc2,3,,question.bmp,,NeutralExample.bmp,SameTrainList3,,,,,,,,,,,,,,,,,,,,,,,,,,,,,,,,,,,,,,2,2,2,16,107601,0,3016,16,110617,0,1016,16,111633,0,3015,15,114648,0,0,,,,,,,,,,,,,,,,,,,,,,,,,,,,,,,,,,,,,,,,,,,,,,,,,,,,,,,,,,,,,,,,,,,,,,,,,,,,,,,,,,,,,,,,,,,,,,,,,,,,,,,,,,,,,,,,,,,,,,,,,,,,,,,,,,,,,,,,,,,,,,,,,,,,,,,,,,,,,,,,,,,,,,,,,,,,,,,,,,,,,,,,,,,,,,,,,,,,,,,,,,,,,,,,,,,,,,,,,,,,,,,,,,,,,,,,,,
7,,,,,,,,,,,,,3,TrainProc,,,,,,MainList,,,,,,,,,,,,,,,,,,,,,,,,,,,,,,,,,,,,,,,,,,,,,,,,,,,,,,,,,1,1,1,366,10558,-999999,0,{SPACE},,0,200,32382,-999999,39734,0,7352,{SPACE},,0,28,39762,-999999,46726,0,6964,{SPACE},,0,17,62870,-999999,70934,0,8064,{SPACE},,0,16,87076,0,0,1,0,,,2016,16,89092,-999999,99510,0,10418,{SPACE},,0,,,,,,,,,,,,,,,,,,,,,,,,,,,,,,,,,,,,,,,,,,,,,,,,,,,,,,,,,,,,,,,,,,,,,,,,,,,,,,,,,,,,,,,,,,,,,,,,,,,,,,,,,,,,,,,,,,,,,,,,,,,,,,,,,,,,,,,,,,,,,,,,,,,,,,,,,,,,,,,,,,,,,,,,,,,,,,,,,,,
8,,,,,,,,,,,,,4,Run1TrialProc,2,f,X.bmp,,,Run1TrialList,,,,,,,,,,,,,,,,,,,,,,,,,,,,,,,,,,,,,,,,,,,,,,,,,,,,,,,,,,,,,,,,,,,,,,,,,,,,,,,,,,,,,,,,,,,,,,,,,,,,,,,,,,,,,,,,1,Fear,BF16AFS.bmp,5000,5000,2,1,12,200896,0,0,1,0,,,5015,15,205911,0,0,206398,0,487,7,,1016,16,206927,0,0,1,0,,,5032,32,211959,0,0,212534,0,575,7,,0,,,,,,,,,,,,,,,,,,,,,,,,,,,,,,,,,,,,,,,,,,,,,,,,,,,,,,,,,,,,,,,,,,,,,,,,,,,,,,,,,,,,,,,,,,,,,,,,,,,,,,,,,,,,,,,,,,,,,,,,,,,,,,,,,,,,,,
9,,,,,,,,,,,,,4,Run1TrialProc,2,f,X.bmp,,,Run1TrialList,,,,,,,,,,,,,,,,,,,,,,,,,,,,,,,,,,,,,,,,,,,,,,,,,,,,,,,,,,,,,,,,,,,,,,,,,,,,,,,,,,,,,,,,,,,,,,,,,,,,,,,,,,,,,,,,3,Fear,BF27AFS.bmp,6000,8000,2,2,16,212975,0,0,1,0,,,6014,14,218989,0,0,219358,0,369,7,,1016,16,220005,0,0,1,0,,,8030,30,228035,0,0,228406,0,371,7,,0,,,,,,,,,,,,,,,,,,,,,,,,,,,,,,,,,,,,,,,,,,,,,,,,,,,,,,,,,,,,,,,,,,,,,,,,,,,,,,,,,,,,,,,,,,,,,,,,,,,,,,,,,,,,,,,,,,,,,,,,,,,,,,,,,,,,,,
10,,,,,,,,,,,,,4,Run1TrialProc,2,m,X.bmp,,,Run1TrialList,,,,,,,,,,,,,,,,,,,,,,,,,,,,,,,,,,,,,,,,,,,,,,,,,,,,,,,,,,,,,,,,,,,,,,,,,,,,,,,,,,,,,,,,,,,,,,,,,,,,,,,,,,,,,,,,6,Fear,BM18AFS.bmp,6000,5000,2,3,17,229052,0,0,1,0,,,6014,14,235066,0,0,235462,0,396,7,,1016,16,236082,0,0,1,0,,,5031,31,241113,0,0,241470,0,357,7,,0,,,,,,,,,,,,,,,,,,,,,,,,,,,,,,,,,,,,,,,,,,,,,,,,,,,,,,,,,,,,,,,,,,,,,,,,,,,,,,,,,,,,,,,,,,,,,,,,,,,,,,,,,,,,,,,,,,,,,,,,,,,,,,,,,,,,,,
11,,,,,,,,,,,,,4,Run1TrialProc,3,n,question.bmp,,,Run1TrialList,,,,,,,,,,,,,,,,,,,,,,,,,,,,,,,,,,,,,,,,,,,,,,,,,,,,,,,,,,,,,,,,,,,,,,,,,,,,,,,,,,,,,,,,,,,,,,,,,,,,,,,,,,,,,,,,22,Neutral,YellowPlate.bmp,5000,6000,2,4,17,242130,0,0,1,0,,,5014,14,247144,0,0,247694,0,550,7,,1016,16,248160,0,0,1,0,,,6031,31,254191,0,0,254662,0,471,7,,0,,,,,,,,,,,,,,,,,,,,,,,,,,,,,,,,,,,,,,,,,,,,,,,,,,,,,,,,,,,,,,,,,,,,,,,,,,,,,,,,,,,,,,,,,,,,,,,,,,,,,,,,,,,,,,,,,,,,,,,,,,,,,,,,,,,,,,
12,,,,,,,,,,,,,4,Run1TrialProc,1,n,o.bmp,,,Run1TrialList,,,,,,,,,,,,,,,,,,,,,,,,,,,,,,,,,,,,,,,,,,,,,,,,,,,,,,,,,,,,,,,,,,,,,,,,,,,,,,,,,,,,,,,,,,,,,,,,,,,,,,,,,,,,,,,,15,Neutral,FlowerBowl.bmp,6000,5000,2,5,17,255208,0,0,1,0,,,6014,14,261222,0,0,261654,0,432,7,,1016,16,262238,0,0,1,0,,,5031,31,267269,0,0,267758,0,489,7,,0,,,,,,,,,,,,,,,,,,,,,,,,,,,,,,,,,,,,,,,,,,,,,,,,,,,,,,,,,,,,,,,,,,,,,,,,,,,,,,,,,,,,,,,,,,,,,,,,,,,,,,,,,,,,,,,,,,,,,,,,,,,,,,,,,,,,,,
13,,,,,,,,,,,,,4,Run1TrialProc,1,n,o.bmp,,,Run1TrialList,,,,,,,,,,,,,,,,,,,,,,,,,,,,,,,,,,,,,,,,,,,,,,,,,,,,,,,,,,,,,,,,,,,,,,,,,,,,,,,,,,,,,,,,,,,,,,,,,,,,,,,,,,,,,,,,16,Neutral,GrayClock.bmp,7000,5000,2,6,17,268286,0,0,1,0,,,7013,13,275299,0,0,276134,0,835,7,,1017,17,276316,0,0,1,0,,,5031,31,281347,0,0,281702,0,355,7,,0,,,,,,,,,,,,,,,,,,,,,,,,,,,,,,,,,,,,,,,,,,,,,,,,,,,,,,,,,,,,,,,,,,,,,,,,,,,,,,,,,,,,,,,,,,,,,,,,,,,,,,,,,,,,,,,,,,,,,,,,,,,,,,,,,,,,,,
14,,,,,,,,,,,,,4,Run1TrialProc,1,n,o.bmp,,,Run1TrialList,,,,,,,,,,,,,,,,,,,,,,,,,,,,,,,,,,,,,,,,,,,,,,,,,,,,,,,,,,,,,,,,,,,,,,,,,,,,,,,,,,,,,,,,,,,,,,,,,,,,,,,,,,,,,,,,10,Neutral,FloralPlate.bmp,5000,5000,2,7,33,282380,0,0,1,0,,,5014,14,287394,0,0,287710,0,316,7,,1017,17,288411,0,0,1,0,,,5048,48,293459,0,0,293742,0,283,7,,0,,,,,,,,,,,,,,,,,,,,,,,,,,,,,,,,,,,,,,,,,,,,,,,,,,,,,,,,,,,,,,,,,,,,,,,,,,,,,,,,,,,,,,,,,,,,,,,,,,,,,,,,,,,,,,,,,,,,,,,,,,,,,,,,,,,,,,
15,,,,,,,,,,,,,4,Run1TrialProc,3,n,question.bmp,,,Run1TrialList,,,,,,,,,,,,,,,,,,,,,,,,,,,,,,,,,,,,,,,,,,,,,,,,,,,,,,,,,,,,,,,,,,,,,,,,,,,,,,,,,,,,,,,,,,,,,,,,,,,,,,,,,,,,,,,,23,Neutral,YellowFloralPlate.bmp,8000,5000,2,8,16,294475,0,0,1,0,,,8013,13,302488,0,0,302934,0,446,7,,1016,16,303504,0,0,1,0,,,5048,48,308552,0,0,308950,0,398,7,,0,,,,,,,,,,,,,,,,,,,,,,,,,,,,,,,,,,,,,,,,,,,,,,,,,,,,,,,,,,,,,,,,,,,,,,,,,,,,,,,,,,,,,,,,,,,,,,,,,,,,,,,,,,,,,,,,,,,,,,,,,,,,,,,,,,,,,,
16,,,,,,,,,,,,,4,Run1TrialProc,2,m,X.bmp,,,Run1TrialList,,,,,,,,,,,,,,,,,,,,,,,,,,,,,,,,,,,,,,,,,,,,,,,,,,,,,,,,,,,,,,,,,,,,,,,,,,,,,,,,,,,,,,,,,,,,,,,,,,,,,,,,,,,,,,,,8,Fear,BM22AFS.bmp,8000,6000,2,9,17,309569,0,0,1,0,,,8013,13,317582,0,0,318062,0,480,7,,1016,16,318598,0,0,1,0,,,6031,31,324629,0,0,325062,0,433,7,,0,,,,,,,,,,,,,,,,,,,,,,,,,,,,,,,,,,,,,,,,,,,,,,,,,,,,,,,,,,,,,,,,,,,,,,,,,,,,,,,,,,,,,,,,,,,,,,,,,,,,,,,,,,,,,,,,,,,,,,,,,,,,,,,,,,,,,,
17,,,,,,,,,,,,,4,Run1TrialProc,1,n,o.bmp,,,Run1TrialList,,,,,,,,,,,,,,,,,,,,,,,,,,,,,,,,,,,,,,,,,,,,,,,,,,,,,,,,,,,,,,,,,,,,,,,,,,,,,,,,,,,,,,,,,,,,,,,,,,,,,,,,,,,,,,,,11,Neutral,BlueSingleFlowerPlate.bmp,5000,5000,2,10,16,325645,0,0,1,0,,,5015,15,330660,0,0,331246,0,586,7,,1016,16,331676,0,0,1,0,,,5032,32,336708,0,0,337214,0,506,7,,0,,,,,,,,,,,,,,,,,,,,,,,,,,,,,,,,,,,,,,,,,,,,,,,,,,,,,,,,,,,,,,,,,,,,,,,,,,,,,,,,,,,,,,,,,,,,,,,,,,,,,,,,,,,,,,,,,,,,,,,,,,,,,,,,,,,,,,
18,,,,,,,,,,,,,4,Run1TrialProc,2,m,X.bmp,,,Run1TrialList,,,,,,,,,,,,,,,,,,,,,,,,,,,,,,,,,,,,,,,,,,,,,,,,,,,,,,,,,,,,,,,,,,,,,,,,,,,,,,,,,,,,,,,,,,,,,,,,,,,,,,,,,,,,,,,,7,Fear,33M_FE_O.bmp,7000,5000,2,11,16,337724,0,0,1,0,,,7014,14,344738,0,0,345126,0,388,7,,1016,16,345754,0,0,1,0,,,5048,48,350802,0,0,351222,0,420,7,,0,,,,,,,,,,,,,,,,,,,,,,,,,,,,,,,,,,,,,,,,,,,,,,,,,,,,,,,,,,,,,,,,,,,,,,,,,,,,,,,,,,,,,,,,,,,,,,,,,,,,,,,,,,,,,,,,,,,,,,,,,,,,,,,,,,,,,,
19,,,,,,,,,,,,,4,Run1TrialProc,2,f,X.bmp,,,Run1TrialList,,,,,,,,,,,,,,,,,,,,,,,,,,,,,,,,,,,,,,,,,,,,,,,,,,,,,,,,,,,,,,,,,,,,,,,,,,,,,,,,,,,,,,,,,,,,,,,,,,,,,,,,,,,,,,,,2,Fear,BF31AFS.bmp,5000,5000,2,12,16,351818,0,0,1,0,,,5015,15,356833,0,0,357382,0,549,7,,1016,16,357849,0,0,1,0,,,5048,48,362897,0,0,363446,0,549,7,,0,,,,,,,,,,,,,,,,,,,,,,,,,,,,,,,,,,,,,,,,,,,,,,,,,,,,,,,,,,,,,,,,,,,,,,,,,,,,,,,,,,,,,,,,,,,,,,,,,,,,,,,,,,,,,,,,,,,,,,,,,,,,,,,,,,,,,,
20,,,,,,,,,,,,,4,Run1TrialProc,3,f,question.bmp,,,Run1TrialList,,,,,,,,,,,,,,,,,,,,,,,,,,,,,,,,,,,,,,,,,,,,,,,,,,,,,,,,,,,,,,,,,,,,,,,,,,,,,,,,,,,,,,,,,,,,,,,,,,,,,,,,,,,,,,,,18,Fear,BF20AFS.bmp,7000,5000,2,13,16,363913,0,0,1,0,,,7014,14,370927,0,0,371390,0,463,7,,1016,16,371943,0,0,1,0,,,5031,31,376974,0,0,377374,0,400,7,,0,,,,,,,,,,,,,,,,,,,,,,,,,,,,,,,,,,,,,,,,,,,,,,,,,,,,,,,,,,,,,,,,,,,,,,,,,,,,,,,,,,,,,,,,,,,,,,,,,,,,,,,,,,,,,,,,,,,,,,,,,,,,,,,,,,,,,,
21,,,,,,,,,,,,,4,Run1TrialProc,1,n,o.bmp,,,Run1TrialList,,,,,,,,,,,,,,,,,,,,,,,,,,,,,,,,,,,,,,,,,,,,,,,,,,,,,,,,,,,,,,,,,,,,,,,,,,,,,,,,,,,,,,,,,,,,,,,,,,,,,,,,,,,,,,,,13,Neutral,WoodenBowl3.bmp,8000,7000,2,14,17,377991,0,0,1,0,,,8013,13,386004,0,0,386430,0,426,7,,1016,16,387020,0,0,1,0,,,7047,47,394067,0,0,394510,0,443,7,,0,,,,,,,,,,,,,,,,,,,,,,,,,,,,,,,,,,,,,,,,,,,,,,,,,,,,,,,,,,,,,,,,,,,,,,,,,,,,,,,,,,,,,,,,,,,,,,,,,,,,,,,,,,,,,,,,,,,,,,,,,,,,,,,,,,,,,,
22,,,,,,,,,,,,,4,Run1TrialProc,3,f,question.bmp,,,Run1TrialList,,,,,,,,,,,,,,,,,,,,,,,,,,,,,,,,,,,,,,,,,,,,,,,,,,,,,,,,,,,,,,,,,,,,,,,,,,,,,,,,,,,,,,,,,,,,,,,,,,,,,,,,,,,,,,,,17,Fear,AF22AFS.bmp,6000,5000,2,15,17,395084,0,0,1,0,,,6014,14,401098,0,0,401566,0,468,7,,1016,16,402114,0,0,1,0,,,5031,31,407145,0,0,407782,0,637,7,,0,,,,,,,,,,,,,,,,,,,,,,,,,,,,,,,,,,,,,,,,,,,,,,,,,,,,,,,,,,,,,,,,,,,,,,,,,,,,,,,,,,,,,,,,,,,,,,,,,,,,,,,,,,,,,,,,,,,,,,,,,,,,,,,,,,,,,,
23,,,,,,,,,,,,,4,Run1TrialProc,1,n,o.bmp,,,Run1TrialList,,,,,,,,,,,,,,,,,,,,,,,,,,,,,,,,,,,,,,,,,,,,,,,,,,,,,,,,,,,,,,,,,,,,,,,,,,,,,,,,,,,,,,,,,,,,,,,,,,,,,,,,,,,,,,,,12,Neutral,GreekClock.bmp,6000,6000,2,16,17,408162,0,0,1,0,,,6014,14,414176,0,0,414662,0,486,7,,1016,16,415192,0,0,1,0,,,6048,48,421240,0,0,421734,0,494,7,,0,,,,,,,,,,,,,,,,,,,,,,,,,,,,,,,,,,,,,,,,,,,,,,,,,,,,,,,,,,,,,,,,,,,,,,,,,,,,,,,,,,,,,,,,,,,,,,,,,,,,,,,,,,,,,,,,,,,,,,,,,,,,,,,,,,,,,,
24,,,,,,,,,,,,,4,Run1TrialProc,2,m,X.bmp,,,Run1TrialList,,,,,,,,,,,,,,,,,,,,,,,,,,,,,,,,,,,,,,,,,,,,,,,,,,,,,,,,,,,,,,,,,,,,,,,,,,,,,,,,,,,,,,,,,,,,,,,,,,,,,,,,,,,,,,,,5,Fear,27M_FE_O.bmp,5000,7000,2,17,16,422256,0,0,1,0,,,5015,15,427271,0,0,427862,0,591,7,,1016,16,428287,0,0,1,0,,,7030,30,435317,0,0,435742,0,425,7,,0,,,,,,,,,,,,,,,,,,,,,,,,,,,,,,,,,,,,,,,,,,,,,,,,,,,,,,,,,,,,,,,,,,,,,,,,,,,,,,,,,,,,,,,,,,,,,,,,,,,,,,,,,,,,,,,,,,,,,,,,,,,,,,,,,,,,,,
25,,,,,,,,,,,,,4,Run1TrialProc,1,n,o.bmp,,,Run1TrialList,,,,,,,,,,,,,,,,,,,,,,,,,,,,,,,,,,,,,,,,,,,,,,,,,,,,,,,,,,,,,,,,,,,,,,,,,,,,,,,,,,,,,,,,,,,,,,,,,,,,,,,,,,,,,,,,9,Neutral,SmallWoodenBowls.bmp,5000,8000,2,18,17,436334,0,0,1,0,,,5014,14,441348,0,0,441942,0,594,7,,1016,16,442364,0,0,1,0,,,8030,30,450394,0,0,450878,0,484,7,,0,,,,,,,,,,,,,,,,,,,,,,,,,,,,,,,,,,,,,,,,,,,,,,,,,,,,,,,,,,,,,,,,,,,,,,,,,,,,,,,,,,,,,,,,,,,,,,,,,,,,,,,,,,,,,,,,,,,,,,,,,,,,,,,,,,,,,,
26,,,,,,,,,,,,,4,Run1TrialProc,3,n,question.bmp,,,Run1TrialList,,,,,,,,,,,,,,,,,,,,,,,,,,,,,,,,,,,,,,,,,,,,,,,,,,,,,,,,,,,,,,,,,,,,,,,,,,,,,,,,,,,,,,,,,,,,,,,,,,,,,,,,,,,,,,,,21,Neutral,LargeOrangeBowl.bmp,5000,8000,2,19,17,451411,0,0,1,0,,,5014,14,456425,0,0,456846,0,421,7,,1017,17,457442,0,0,1,0,,,8046,46,465488,0,0,465990,0,502,7,,0,,,,,,,,,,,,,,,,,,,,,,,,,,,,,,,,,,,,,,,,,,,,,,,,,,,,,,,,,,,,,,,,,,,,,,,,,,,,,,,,,,,,,,,,,,,,,,,,,,,,,,,,,,,,,,,,,,,,,,,,,,,,,,,,,,,,,,
27,,,,,,,,,,,,,4,Run1TrialProc,1,n,o.bmp,,,Run1TrialList,,,,,,,,,,,,,,,,,,,,,,,,,,,,,,,,,,,,,,,,,,,,,,,,,,,,,,,,,,,,,,,,,,,,,,,,,,,,,,,,,,,,,,,,,,,,,,,,,,,,,,,,,,,,,,,,14,Neutral,WhiteBowl.bmp,5000,6000,2,20,16,466504,0,0,1,0,,,5015,15,471519,0,0,472006,0,487,7,,1016,16,472535,0,0,1,0,,,6031,31,478566,0,0,479022,0,456,7,,0,,,,,,,,,,,,,,,,,,,,,,,,,,,,,,,,,,,,,,,,,,,,,,,,,,,,,,,,,,,,,,,,,,,,,,,,,,,,,,,,,,,,,,,,,,,,,,,,,,,,,,,,,,,,,,,,,,,,,,,,,,,,,,,,,,,,,,
28,,,,,,,,,,,,,4,Run1TrialProc,2,f,X.bmp,,,Run1TrialList,,,,,,,,,,,,,,,,,,,,,,,,,,,,,,,,,,,,,,,,,,,,,,,,,,,,,,,,,,,,,,,,,,,,,,,,,,,,,,,,,,,,,,,,,,,,,,,,,,,,,,,,,,,,,,,,4,Fear,AF02AFS.bmp,5000,6000,2,21,16,479582,0,0,1,0,,,5015,15,484597,0,0,485038,0,441,7,,1016,16,485613,0,0,1,0,,,6031,31,491644,0,0,492118,0,474,7,,0,,,,,,,,,,,,,,,,,,,,,,,,,,,,,,,,,,,,,,,,,,,,,,,,,,,,,,,,,,,,,,,,,,,,,,,,,,,,,,,,,,,,,,,,,,,,,,,,,,,,,,,,,,,,,,,,,,,,,,,,,,,,,,,,,,,,,,
29,,,,,,,,,,,,,4,Run1TrialProc,3,m,question.bmp,,,Run1TrialList,,,,,,,,,,,,,,,,,,,,,,,,,,,,,,,,,,,,,,,,,,,,,,,,,,,,,,,,,,,,,,,,,,,,,,,,,,,,,,,,,,,,,,,,,,,,,,,,,,,,,,,,,,,,,,,,19,Fear,BM11AFS.bmp,5000,7000,2,22,16,492660,0,0,1,0,,,5015,15,497675,0,0,498150,0,475,7,,1016,16,498691,0,0,1,0,,,7031,31,505722,0,0,506150,0,428,7,,0,,,,,,,,,,,,,,,,,,,,,,,,,,,,,,,,,,,,,,,,,,,,,,,,,,,,,,,,,,,,,,,,,,,,,,,,,,,,,,,,,,,,,,,,,,,,,,,,,,,,,,,,,,,,,,,,,,,,,,,,,,,,,,,,,,,,,,
30,,,,,,,,,,,,,4,Run1TrialProc,3,m,question.bmp,,,Run1TrialList,,,,,,,,,,,,,,,,,,,,,,,,,,,,,,,,,,,,,,,,,,,,,,,,,,,,,,,,,,,,,,,,,,,,,,,,,,,,,,,,,,,,,,,,,,,,,,,,,,,,,,,,,,,,,,,,20,Fear,BM27AFS.bmp,5000,6000,2,23,16,506738,0,0,1,0,,,5015,15,511753,0,0,512286,0,533,7,,1016,16,512769,0,0,1,0,,,6047,47,518816,0,0,519374,0,558,7,,0,,,,,,,,,,,,,,,,,,,,,,,,,,,,,,,,,,,,,,,,,,,,,,,,,,,,,,,,,,,,,,,,,,,,,,,,,,,,,,,,,,,,,,,,,,,,,,,,,,,,,,,,,,,,,,,,,,,,,,,,,,,,,,,,,,,,,,
31,,,,,,,,,,,,,4,Run1TrialProc,3,n,question.bmp,,,Run1TrialList,,,,,,,,,,,,,,,,,,,,,,,,,,,,,,,,,,,,,,,,,,,,,,,,,,,,,,,,,,,,,,,,,,,,,,,,,,,,,,,,,,,,,,,,,,,,,,,,,,,,,,,,,,,,,,,,24,Neutral,RedPlasticBowl.bmp,6000,5000,2,24,17,519833,0,0,1,0,,,6014,14,525847,0,0,526318,0,471,7,,1016,16,526863,0,0,1,0,,,5065,65,531928,0,0,532494,0,566,7,,0,,,,,,,,,,,,,,,,,,,,,,,,,,,,,,,,,,,,,,,,,,,,,,,,,,,,,,,,,,,,,,,,,,,,,,,,,,,,,,,,,,,,,,,,,,,,,,,,,,,,,,,,,,,,,,,,,,,,,,,,,,,,,,,,,,,,,,
32,,,,,,,,,,,,,3,Run1Proc,,,,,,StudyList,,,,,,,,,,,,,,,,,,,,,,,,,,,,,,,,,,,,,,,,,,,,,,,,,,,,,,,,,,,,,,,,,,,,,,,,,,,,,,,,,,,,,,,,,,,,,,,,,,,,,,,,,,,,,,,,,,,,,,,,,,,,,,,,,,,,,,,,,,,,,,,,,,,,,,,,,,,,,1,1,1,33,115681,-999999,118102,0,2421,{SPACE},,0,12,118114,-999999,119846,0,1732,{SPACE},,0,34,119880,-999999,125222,0,5342,{SPACE},,0,22,125244,-999999,157942,0,32698,{SPACE},,0,22,157964,-999999,167702,0,9738,{SPACE},,0,25,167727,-999999,190862,0,23135,{`},,0,22,190884,0,0,0,0,,,10012,16,532944,0,0,0,0,,,20008,8,552952,0,0,1,0,,,0,,,,,,,,,,,,,,,,,,,,,,,,,,,,,,,,,,,,,,,,,,,,,,,,,,
33,,,,,,,,,,,,,4,Run2TrialProc,1,n,o.bmp,,,Run2TrialList,,,,,,,,,,,,,,,,,,,,,,,,,,,,,,,,,,,,,,,,,,,,,,,,,,,,,,,,,,,,,,,,,,,,,,,,,,,,,,,,,,,,,,,,,,,,,,,,,,,,,,,,,,,,,,,,,Neutral,BrownCeramicPlate.bmp,6000,5000,,,13,647614,0,0,1,0,,,6014,14,653628,0,0,654238,0,610,7,,1016,16,654644,0,0,1,0,,,5031,31,659675,0,0,660094,0,419,7,,0,,,,,,,,,,,,,,,,,,,,,,,,,,,,,,,,,,,,,,,,,,,,,,,,,,,,,,,,,,,,,,,,,,,,,,,,,,,,,,,,,,,,,9,2,1,,,,,,,,,,,,,,,,,,,,,,,,,,,,,,,,,,,,,,,,,,,,,,,
34,,,,,,,,,,,,,4,Run2TrialProc,2,f,X.bmp,,,Run2TrialList,,,,,,,,,,,,,,,,,,,,,,,,,,,,,,,,,,,,,,,,,,,,,,,,,,,,,,,,,,,,,,,,,,,,,,,,,,,,,,,,,,,,,,,,,,,,,,,,,,,,,,,,,,,,,,,,,Fear,AF19AFS.bmp,5000,5000,,,17,660692,0,0,1,0,,,5014,14,665706,0,0,666158,0,452,7,,1017,17,666723,0,0,1,0,,,5031,31,671754,0,0,672134,0,380,7,,0,,,,,,,,,,,,,,,,,,,,,,,,,,,,,,,,,,,,,,,,,,,,,,,,,,,,,,,,,,,,,,,,,,,,,,,,,,,,,,,,,,,,,3,2,2,,,,,,,,,,,,,,,,,,,,,,,,,,,,,,,,,,,,,,,,,,,,,,,
35,,,,,,,,,,,,,4,Run2TrialProc,3,f,question.bmp,,,Run2TrialList,,,,,,,,,,,,,,,,,,,,,,,,,,,,,,,,,,,,,,,,,,,,,,,,,,,,,,,,,,,,,,,,,,,,,,,,,,,,,,,,,,,,,,,,,,,,,,,,,,,,,,,,,,,,,,,,,Fear,BF18AFS.bmp,5000,5000,,,16,672770,0,0,1,0,,,5015,15,677785,0,0,678254,0,469,7,,1016,16,678801,0,0,1,0,,,5031,31,683832,0,0,684422,0,590,7,,0,,,,,,,,,,,,,,,,,,,,,,,,,,,,,,,,,,,,,,,,,,,,,,,,,,,,,,,,,,,,,,,,,,,,,,,,,,,,,,,,,,,,,18,2,3,,,,,,,,,,,,,,,,,,,,,,,,,,,,,,,,,,,,,,,,,,,,,,,
36,,,,,,,,,,,,,4,Run2TrialProc,1,n,o.bmp,,,Run2TrialList,,,,,,,,,,,,,,,,,,,,,,,,,,,,,,,,,,,,,,,,,,,,,,,,,,,,,,,,,,,,,,,,,,,,,,,,,,,,,,,,,,,,,,,,,,,,,,,,,,,,,,,,,,,,,,,,,Neutral,GreenBowl.bmp,8000,5000,,,17,684849,0,0,1,0,,,8030,30,692879,0,0,693358,0,479,7,,1016,16,693895,0,0,1,0,,,5048,48,698943,0,0,699438,0,495,7,,0,,,,,,,,,,,,,,,,,,,,,,,,,,,,,,,,,,,,,,,,,,,,,,,,,,,,,,,,,,,,,,,,,,,,,,,,,,,,,,,,,,,,,15,2,4,,,,,,,,,,,,,,,,,,,,,,,,,,,,,,,,,,,,,,,,,,,,,,,
37,,,,,,,,,,,,,4,Run2TrialProc,1,n,o.bmp,,,Run2TrialList,,,,,,,,,,,,,,,,,,,,,,,,,,,,,,,,,,,,,,,,,,,,,,,,,,,,,,,,,,,,,,,,,,,,,,,,,,,,,,,,,,,,,,,,,,,,,,,,,,,,,,,,,,,,,,,,,Neutral,WoodenBowl.bmp,5000,6000,,,16,699959,0,0,1,0,,,5015,15,704974,0,0,705670,0,696,7,,1016,16,705990,0,0,1,0,,,6047,47,712037,0,0,712590,0,553,7,,0,,,,,,,,,,,,,,,,,,,,,,,,,,,,,,,,,,,,,,,,,,,,,,,,,,,,,,,,,,,,,,,,,,,,,,,,,,,,,,,,,,,,,12,2,5,,,,,,,,,,,,,,,,,,,,,,,,,,,,,,,,,,,,,,,,,,,,,,,
38,,,,,,,,,,,,,4,Run2TrialProc,3,n,question.bmp,,,Run2TrialList,,,,,,,,,,,,,,,,,,,,,,,,,,,,,,,,,,,,,,,,,,,,,,,,,,,,,,,,,,,,,,,,,,,,,,,,,,,,,,,,,,,,,,,,,,,,,,,,,,,,,,,,,,,,,,,,,Neutral,BrownClock.bmp,8000,6000,,,17,713054,0,0,1,0,,,8030,30,721084,0,0,721558,0,474,7,,1016,16,722100,0,0,1,0,,,6031,31,728131,0,0,728558,0,427,7,,0,,,,,,,,,,,,,,,,,,,,,,,,,,,,,,,,,,,,,,,,,,,,,,,,,,,,,,,,,,,,,,,,,,,,,,,,,,,,,,,,,,,,,24,2,6,,,,,,,,,,,,,,,,,,,,,,,,,,,,,,,,,,,,,,,,,,,,,,,
39,,,,,,,,,,,,,4,Run2TrialProc,2,m,X.bmp,,,Run2TrialList,,,,,,,,,,,,,,,,,,,,,,,,,,,,,,,,,,,,,,,,,,,,,,,,,,,,,,,,,,,,,,,,,,,,,,,,,,,,,,,,,,,,,,,,,,,,,,,,,,,,,,,,,,,,,,,,,Fear,AM24AFS.bmp,8000,7000,,,16,729147,0,0,1,0,,,8013,13,737160,0,0,737630,0,470,7,,1017,17,738177,0,0,1,0,,,7030,30,745207,0,0,745726,0,519,7,,0,,,,,,,,,,,,,,,,,,,,,,,,,,,,,,,,,,,,,,,,,,,,,,,,,,,,,,,,,,,,,,,,,,,,,,,,,,,,,,,,,,,,,5,2,7,,,,,,,,,,,,,,,,,,,,,,,,,,,,,,,,,,,,,,,,,,,,,,,
40,,,,,,,,,,,,,4,Run2TrialProc,2,m,X.bmp,,,Run2TrialList,,,,,,,,,,,,,,,,,,,,,,,,,,,,,,,,,,,,,,,,,,,,,,,,,,,,,,,,,,,,,,,,,,,,,,,,,,,,,,,,,,,,,,,,,,,,,,,,,,,,,,,,,,,,,,,,,Fear,BM01AFS.bmp,7000,5000,,,16,746223,0,0,1,0,,,7014,14,753237,0,0,753774,0,537,7,,1016,16,754253,0,0,1,0,,,5032,32,759285,0,0,759814,0,529,7,,0,,,,,,,,,,,,,,,,,,,,,,,,,,,,,,,,,,,,,,,,,,,,,,,,,,,,,,,,,,,,,,,,,,,,,,,,,,,,,,,,,,,,,8,2,8,,,,,,,,,,,,,,,,,,,,,,,,,,,,,,,,,,,,,,,,,,,,,,,
41,,,,,,,,,,,,,4,Run2TrialProc,3,m,question.bmp,,,Run2TrialList,,,,,,,,,,,,,,,,,,,,,,,,,,,,,,,,,,,,,,,,,,,,,,,,,,,,,,,,,,,,,,,,,,,,,,,,,,,,,,,,,,,,,,,,,,,,,,,,,,,,,,,,,,,,,,,,,Fear,AM13AFS.bmp,6000,8000,,,16,760301,0,0,1,0,,,6014,14,766315,0,0,766830,0,515,7,,1016,16,767331,0,0,1,0,,,8047,47,775378,0,0,775942,0,564,7,,0,,,,,,,,,,,,,,,,,,,,,,,,,,,,,,,,,,,,,,,,,,,,,,,,,,,,,,,,,,,,,,,,,,,,,,,,,,,,,,,,,,,,,19,2,9,,,,,,,,,,,,,,,,,,,,,,,,,,,,,,,,,,,,,,,,,,,,,,,
42,,,,,,,,,,,,,4,Run2TrialProc,3,n,question.bmp,,,Run2TrialList,,,,,,,,,,,,,,,,,,,,,,,,,,,,,,,,,,,,,,,,,,,,,,,,,,,,,,,,,,,,,,,,,,,,,,,,,,,,,,,,,,,,,,,,,,,,,,,,,,,,,,,,,,,,,,,,,Neutral,WhiteBluePlate.bmp,5000,7000,,,16,776394,0,0,1,0,,,5015,15,781409,0,0,781830,0,421,7,,1016,16,782425,0,0,1,0,,,7047,47,789472,0,0,789934,0,462,7,,0,,,,,,,,,,,,,,,,,,,,,,,,,,,,,,,,,,,,,,,,,,,,,,,,,,,,,,,,,,,,,,,,,,,,,,,,,,,,,,,,,,,,,21,2,10,,,,,,,,,,,,,,,,,,,,,,,,,,,,,,,,,,,,,,,,,,,,,,,
43,,,,,,,,,,,,,4,Run2TrialProc,1,n,o.bmp,,,Run2TrialList,,,,,,,,,,,,,,,,,,,,,,,,,,,,,,,,,,,,,,,,,,,,,,,,,,,,,,,,,,,,,,,,,,,,,,,,,,,,,,,,,,,,,,,,,,,,,,,,,,,,,,,,,,,,,,,,,Neutral,BlueFlowerBowl.bmp,5000,7000,,,17,790489,0,0,1,0,,,5014,14,795503,0,0,795950,0,447,7,,1017,17,796520,0,0,1,0,,,7030,30,803550,0,0,803958,0,408,7,,0,,,,,,,,,,,,,,,,,,,,,,,,,,,,,,,,,,,,,,,,,,,,,,,,,,,,,,,,,,,,,,,,,,,,,,,,,,,,,,,,,,,,,11,2,11,,,,,,,,,,,,,,,,,,,,,,,,,,,,,,,,,,,,,,,,,,,,,,,
44,,,,,,,,,,,,,4,Run2TrialProc,3,f,question.bmp,,,Run2TrialList,,,,,,,,,,,,,,,,,,,,,,,,,,,,,,,,,,,,,,,,,,,,,,,,,,,,,,,,,,,,,,,,,,,,,,,,,,,,,,,,,,,,,,,,,,,,,,,,,,,,,,,,,,,,,,,,,Fear,07F_FE_O.bmp,5000,5000,,,16,804566,0,0,1,0,,,5015,15,809581,0,0,810022,0,441,7,,1016,16,810597,0,0,1,0,,,5031,31,815628,0,0,816150,0,522,7,,0,,,,,,,,,,,,,,,,,,,,,,,,,,,,,,,,,,,,,,,,,,,,,,,,,,,,,,,,,,,,,,,,,,,,,,,,,,,,,,,,,,,,,17,2,12,,,,,,,,,,,,,,,,,,,,,,,,,,,,,,,,,,,,,,,,,,,,,,,
45,,,,,,,,,,,,,4,Run2TrialProc,2,m,X.bmp,,,Run2TrialList,,,,,,,,,,,,,,,,,,,,,,,,,,,,,,,,,,,,,,,,,,,,,,,,,,,,,,,,,,,,,,,,,,,,,,,,,,,,,,,,,,,,,,,,,,,,,,,,,,,,,,,,,,,,,,,,,Fear,AM14AFS.bmp,6000,5000,,,17,816645,0,0,1,0,,,6014,14,822659,0,0,823430,0,771,7,,1016,16,823675,0,0,1,0,,,5031,31,828706,0,0,829310,0,604,7,,0,,,,,,,,,,,,,,,,,,,,,,,,,,,,,,,,,,,,,,,,,,,,,,,,,,,,,,,,,,,,,,,,,,,,,,,,,,,,,,,,,,,,,7,2,13,,,,,,,,,,,,,,,,,,,,,,,,,,,,,,,,,,,,,,,,,,,,,,,
46,,,,,,,,,,,,,4,Run2TrialProc,3,n,question.bmp,,,Run2TrialList,,,,,,,,,,,,,,,,,,,,,,,,,,,,,,,,,,,,,,,,,,,,,,,,,,,,,,,,,,,,,,,,,,,,,,,,,,,,,,,,,,,,,,,,,,,,,,,,,,,,,,,,,,,,,,,,,Neutral,TanBowl.bmp,6000,5000,,,17,829723,0,0,1,0,,,6014,14,835737,0,0,836206,0,469,7,,1016,16,836753,0,0,1,0,,,5031,31,841784,0,0,842230,0,446,7,,0,,,,,,,,,,,,,,,,,,,,,,,,,,,,,,,,,,,,,,,,,,,,,,,,,,,,,,,,,,,,,,,,,,,,,,,,,,,,,,,,,,,,,22,2,14,,,,,,,,,,,,,,,,,,,,,,,,,,,,,,,,,,,,,,,,,,,,,,,
47,,,,,,,,,,,,,4,Run2TrialProc,2,m,X.bmp,,,Run2TrialList,,,,,,,,,,,,,,,,,,,,,,,,,,,,,,,,,,,,,,,,,,,,,,,,,,,,,,,,,,,,,,,,,,,,,,,,,,,,,,,,,,,,,,,,,,,,,,,,,,,,,,,,,,,,,,,,,Fear,37M_FE_O.bmp,5000,6000,,,17,842801,0,0,1,0,,,5014,14,847815,0,0,848462,0,647,7,,1016,16,848831,0,0,1,0,,,6031,31,854862,0,0,855591,0,729,7,,0,,,,,,,,,,,,,,,,,,,,,,,,,,,,,,,,,,,,,,,,,,,,,,,,,,,,,,,,,,,,,,,,,,,,,,,,,,,,,,,,,,,,,6,2,15,,,,,,,,,,,,,,,,,,,,,,,,,,,,,,,,,,,,,,,,,,,,,,,
48,,,,,,,,,,,,,4,Run2TrialProc,3,n,question.bmp,,,Run2TrialList,,,,,,,,,,,,,,,,,,,,,,,,,,,,,,,,,,,,,,,,,,,,,,,,,,,,,,,,,,,,,,,,,,,,,,,,,,,,,,,,,,,,,,,,,,,,,,,,,,,,,,,,,,,,,,,,,Neutral,WoodenBowl2.bmp,7000,5000,,,17,855879,0,0,1,0,,,7013,13,862892,0,0,863326,0,434,7,,1017,17,863909,0,0,1,0,,,5048,48,868957,0,0,869478,0,521,7,,0,,,,,,,,,,,,,,,,,,,,,,,,,,,,,,,,,,,,,,,,,,,,,,,,,,,,,,,,,,,,,,,,,,,,,,,,,,,,,,,,,,,,,23,2,16,,,,,,,,,,,,,,,,,,,,,,,,,,,,,,,,,,,,,,,,,,,,,,,
49,,,,,,,,,,,,,4,Run2TrialProc,1,n,o.bmp,,,Run2TrialList,,,,,,,,,,,,,,,,,,,,,,,,,,,,,,,,,,,,,,,,,,,,,,,,,,,,,,,,,,,,,,,,,,,,,,,,,,,,,,,,,,,,,,,,,,,,,,,,,,,,,,,,,,,,,,,,,Neutral,WhiteFlowerPlate.bmp,6000,5000,,,16,869973,0,0,1,0,,,6014,14,875987,0,0,876422,0,435,7,,1016,16,877003,0,0,1,0,,,5048,48,882051,0,0,882518,0,467,7,,0,,,,,,,,,,,,,,,,,,,,,,,,,,,,,,,,,,,,,,,,,,,,,,,,,,,,,,,,,,,,,,,,,,,,,,,,,,,,,,,,,,,,,16,2,17,,,,,,,,,,,,,,,,,,,,,,,,,,,,,,,,,,,,,,,,,,,,,,,
50,,,,,,,,,,,,,4,Run2TrialProc,1,n,o.bmp,,,Run2TrialList,,,,,,,,,,,,,,,,,,,,,,,,,,,,,,,,,,,,,,,,,,,,,,,,,,,,,,,,,,,,,,,,,,,,,,,,,,,,,,,,,,,,,,,,,,,,,,,,,,,,,,,,,,,,,,,,,Neutral,GreenPlasticPlate.bmp,7000,5000,,,16,883067,0,0,1,0,,,7014,14,890081,0,0,890526,0,445,7,,1017,17,891098,0,0,1,0,,,5031,31,896129,0,0,896790,0,661,7,,0,,,,,,,,,,,,,,,,,,,,,,,,,,,,,,,,,,,,,,,,,,,,,,,,,,,,,,,,,,,,,,,,,,,,,,,,,,,,,,,,,,,,,10,2,18,,,,,,,,,,,,,,,,,,,,,,,,,,,,,,,,,,,,,,,,,,,,,,,
51,,,,,,,,,,,,,4,Run2TrialProc,2,f,X.bmp,,,Run2TrialList,,,,,,,,,,,,,,,,,,,,,,,,,,,,,,,,,,,,,,,,,,,,,,,,,,,,,,,,,,,,,,,,,,,,,,,,,,,,,,,,,,,,,,,,,,,,,,,,,,,,,,,,,,,,,,,,,Fear,BF08AFS.bmp,6000,6000,,,16,897145,0,0,1,0,,,6031,31,903176,0,0,903718,0,542,7,,1016,16,904192,0,0,1,0,,,6031,31,910223,0,0,910710,0,487,7,,0,,,,,,,,,,,,,,,,,,,,,,,,,,,,,,,,,,,,,,,,,,,,,,,,,,,,,,,,,,,,,,,,,,,,,,,,,,,,,,,,,,,,,4,2,19,,,,,,,,,,,,,,,,,,,,,,,,,,,,,,,,,,,,,,,,,,,,,,,
52,,,,,,,,,,,,,4,Run2TrialProc,1,n,o.bmp,,,Run2TrialList,,,,,,,,,,,,,,,,,,,,,,,,,,,,,,,,,,,,,,,,,,,,,,,,,,,,,,,,,,,,,,,,,,,,,,,,,,,,,,,,,,,,,,,,,,,,,,,,,,,,,,,,,,,,,,,,,Neutral,MetalBowl.bmp,5000,8000,,,16,911239,0,0,1,0,,,5015,15,916254,0,0,916710,0,456,7,,1016,16,917270,0,0,1,0,,,8030,30,925300,0,0,925726,0,426,7,,0,,,,,,,,,,,,,,,,,,,,,,,,,,,,,,,,,,,,,,,,,,,,,,,,,,,,,,,,,,,,,,,,,,,,,,,,,,,,,,,,,,,,,13,2,20,,,,,,,,,,,,,,,,,,,,,,,,,,,,,,,,,,,,,,,,,,,,,,,
53,,,,,,,,,,,,,4,Run2TrialProc,1,n,o.bmp,,,Run2TrialList,,,,,,,,,,,,,,,,,,,,,,,,,,,,,,,,,,,,,,,,,,,,,,,,,,,,,,,,,,,,,,,,,,,,,,,,,,,,,,,,,,,,,,,,,,,,,,,,,,,,,,,,,,,,,,,,,Neutral,WickerBowl.bmp,5000,6000,,,16,926316,0,0,1,0,,,5015,15,931331,0,0,931774,0,443,7,,1016,16,932347,0,0,1,0,,,6031,31,938378,0,0,938910,0,532,7,,0,,,,,,,,,,,,,,,,,,,,,,,,,,,,,,,,,,,,,,,,,,,,,,,,,,,,,,,,,,,,,,,,,,,,,,,,,,,,,,,,,,,,,14,2,21,,,,,,,,,,,,,,,,,,,,,,,,,,,,,,,,,,,,,,,,,,,,,,,
54,,,,,,,,,,,,,4,Run2TrialProc,2,f,X.bmp,,,Run2TrialList,,,,,,,,,,,,,,,,,,,,,,,,,,,,,,,,,,,,,,,,,,,,,,,,,,,,,,,,,,,,,,,,,,,,,,,,,,,,,,,,,,,,,,,,,,,,,,,,,,,,,,,,,,,,,,,,,Fear,BF26AFS.bmp,5000,8000,,,16,939394,0,0,1,0,,,5015,15,944409,0,0,944854,0,445,7,,1016,16,945425,0,0,1,0,,,8047,47,953472,0,0,953870,0,398,7,,0,,,,,,,,,,,,,,,,,,,,,,,,,,,,,,,,,,,,,,,,,,,,,,,,,,,,,,,,,,,,,,,,,,,,,,,,,,,,,,,,,,,,,1,2,22,,,,,,,,,,,,,,,,,,,,,,,,,,,,,,,,,,,,,,,,,,,,,,,
55,,,,,,,,,,,,,4,Run2TrialProc,3,m,question.bmp,,,Run2TrialList,,,,,,,,,,,,,,,,,,,,,,,,,,,,,,,,,,,,,,,,,,,,,,,,,,,,,,,,,,,,,,,,,,,,,,,,,,,,,,,,,,,,,,,,,,,,,,,,,,,,,,,,,,,,,,,,,Fear,BM08AFS.bmp,5000,6000,,,16,954488,0,0,1,0,,,5015,15,959503,0,0,960038,0,535,7,,1016,16,960519,0,0,1,0,,,6048,48,966567,0,0,967054,0,487,7,,0,,,,,,,,,,,,,,,,,,,,,,,,,,,,,,,,,,,,,,,,,,,,,,,,,,,,,,,,,,,,,,,,,,,,,,,,,,,,,,,,,,,,,20,2,23,,,,,,,,,,,,,,,,,,,,,,,,,,,,,,,,,,,,,,,,,,,,,,,
56,,,,,,,,,,,,,4,Run2TrialProc,2,f,X.bmp,,,Run2TrialList,,,,,,,,,,,,,,,,,,,,,,,,,,,,,,,,,,,,,,,,,,,,,,,,,,,,,,,,,,,,,,,,,,,,,,,,,,,,,,,,,,,,,,,,,,,,,,,,,,,,,,,,,,,,,,,,,Fear,BF15AFS.bmp,5000,5000,,,16,967583,0,0,1,0,,,5015,15,972598,0,0,973206,0,608,7,,1016,16,973614,0,0,1,0,,,5048,48,978662,0,0,979158,0,496,7,,0,,,,,,,,,,,,,,,,,,,,,,,,,,,,,,,,,,,,,,,,,,,,,,,,,,,,,,,,,,,,,,,,,,,,,,,,,,,,,,,,,,,,,2,2,24,,,,,,,,,,,,,,,,,,,,,,,,,,,,,,,,,,,,,,,,,,,,,,,
57,,,,,,,,,,,,,3,Run2Proc,,,,,,StudyList,,,,,,,,,,,,,,,,,,,,,,,,,,,,,,,,,,,,,,,,,,,,,,,,,,,,,,,,,,,,,,,,,,,,,,,,,,,,,,,,,,,,,,,,,,,,,,,,,,,,,,,,,,,,,,,,,,,,,,,,,,,,,,,,,,,,,,,,,,,,,,,,,,,,,,,,,,,,,2,1,2,16,555968,-999999,579478,0,23510,{SPACE},,0,,,,,,,,,,,,,,,,,,,14,579492,-999999,615382,0,35890,{SPACE},,0,,,,,,,,,,11,616993,-999999,637582,0,20589,{`},,0,19,637601,0,0,0,0,,,10013,16,979678,0,0,0,0,,,20025,25,999703,0,0,1,0,,,0,,,,12,615394,-999999,616982,0,1588,{SPACE},,0,,,,,,,,,,,,,,,,,,,,,,,,,,,,,,,,,,,,,,
58,,,,,,,,,,,,,4,Run3TrialProc,3,n,question.bmp,,,Run3TrialList,,,,,,,,,,,,,,,,,,,,,,,,,,,,,,,,,,,,,,,,,,,,,,,,,,,,,,,,,,,,,,,,,,,,,,,,,,,,,,,,,,,,,,,,,,,,,,,,,,,,,,,,,,,,,,,,,Neutral,DarkWoodPlate.bmp,5000,6000,,,12,1053481,0,0,1,0,,,5015,15,1058496,0,0,1059167,0,671,7,,1016,16,1059512,0,0,1,0,,,6031,31,1065543,0,0,1065991,0,448,7,,0,,,,,,,,,,,,,,,,,,,,,,,,,,,,,,,,,,,,,,,,,,,,,,,,,,,,,,,,,,,,,,,,,,,,,,,,,,,,,,,,,,,,,,,,,,,,,,,,,22,2,1,,,,,,,,,,,,,,,,,,,,,,,,,,,,,,,,,,,
59,,,,,,,,,,,,,4,Run3TrialProc,1,n,o.bmp,,,Run3TrialList,,,,,,,,,,,,,,,,,,,,,,,,,,,,,,,,,,,,,,,,,,,,,,,,,,,,,,,,,,,,,,,,,,,,,,,,,,,,,,,,,,,,,,,,,,,,,,,,,,,,,,,,,,,,,,,,,Neutral,BrownWoodenPlate.bmp,5000,7000,,,16,1066559,0,0,1,0,,,5015,15,1071574,0,0,1072039,0,465,7,,1016,16,1072590,0,0,1,0,,,7047,47,1079637,0,0,1080055,0,418,7,,0,,,,,,,,,,,,,,,,,,,,,,,,,,,,,,,,,,,,,,,,,,,,,,,,,,,,,,,,,,,,,,,,,,,,,,,,,,,,,,,,,,,,,,,,,,,,,,,,,11,2,2,,,,,,,,,,,,,,,,,,,,,,,,,,,,,,,,,,,
60,,,,,,,,,,,,,4,Run3TrialProc,1,n,o.bmp,,,Run3TrialList,,,,,,,,,,,,,,,,,,,,,,,,,,,,,,,,,,,,,,,,,,,,,,,,,,,,,,,,,,,,,,,,,,,,,,,,,,,,,,,,,,,,,,,,,,,,,,,,,,,,,,,,,,,,,,,,,Neutral,GreenFlowerBowl.bmp,7000,5000,,,16,1080653,0,0,1,0,,,7014,14,1087667,0,0,1088087,0,420,7,,1016,16,1088683,0,0,1,0,,,5048,48,1093731,0,0,1094159,0,428,7,,0,,,,,,,,,,,,,,,,,,,,,,,,,,,,,,,,,,,,,,,,,,,,,,,,,,,,,,,,,,,,,,,,,,,,,,,,,,,,,,,,,,,,,,,,,,,,,,,,,10,2,3,,,,,,,,,,,,,,,,,,,,,,,,,,,,,,,,,,,
61,,,,,,,,,,,,,4,Run3TrialProc,2,m,X.bmp,,,Run3TrialList,,,,,,,,,,,,,,,,,,,,,,,,,,,,,,,,,,,,,,,,,,,,,,,,,,,,,,,,,,,,,,,,,,,,,,,,,,,,,,,,,,,,,,,,,,,,,,,,,,,,,,,,,,,,,,,,,Fear,BM16AFS.bmp,6000,5000,,,17,1094748,0,0,1,0,,,6014,14,1100762,0,0,1101199,0,437,7,,1016,16,1101778,0,0,1,0,,,5048,48,1106826,0,0,1107311,0,485,7,,0,,,,,,,,,,,,,,,,,,,,,,,,,,,,,,,,,,,,,,,,,,,,,,,,,,,,,,,,,,,,,,,,,,,,,,,,,,,,,,,,,,,,,,,,,,,,,,,,,6,2,4,,,,,,,,,,,,,,,,,,,,,,,,,,,,,,,,,,,
62,,,,,,,,,,,,,4,Run3TrialProc,2,f,X.bmp,,,Run3TrialList,,,,,,,,,,,,,,,,,,,,,,,,,,,,,,,,,,,,,,,,,,,,,,,,,,,,,,,,,,,,,,,,,,,,,,,,,,,,,,,,,,,,,,,,,,,,,,,,,,,,,,,,,,,,,,,,,Fear,BF17AFS.bmp,6000,8000,,,16,1107842,0,0,1,0,,,6015,15,1113857,0,0,1114350,0,493,7,,1016,16,1114873,0,0,1,0,,,8046,46,1122919,0,0,1123471,0,552,7,,0,,,,,,,,,,,,,,,,,,,,,,,,,,,,,,,,,,,,,,,,,,,,,,,,,,,,,,,,,,,,,,,,,,,,,,,,,,,,,,,,,,,,,,,,,,,,,,,,,3,2,5,,,,,,,,,,,,,,,,,,,,,,,,,,,,,,,,,,,
63,,,,,,,,,,,,,4,Run3TrialProc,1,n,o.bmp,,,Run3TrialList,,,,,,,,,,,,,,,,,,,,,,,,,,,,,,,,,,,,,,,,,,,,,,,,,,,,,,,,,,,,,,,,,,,,,,,,,,,,,,,,,,,,,,,,,,,,,,,,,,,,,,,,,,,,,,,,,Neutral,WhiteandBlueFlowerplate.bmp,5000,6000,,,17,1123936,0,0,1,0,,,5014,14,1128950,0,0,1129655,0,705,7,,1017,17,1129967,0,0,1,0,,,6030,30,1135997,0,0,1136351,0,354,7,,0,,,,,,,,,,,,,,,,,,,,,,,,,,,,,,,,,,,,,,,,,,,,,,,,,,,,,,,,,,,,,,,,,,,,,,,,,,,,,,,,,,,,,,,,,,,,,,,,,14,2,6,,,,,,,,,,,,,,,,,,,,,,,,,,,,,,,,,,,
64,,,,,,,,,,,,,4,Run3TrialProc,3,n,question.bmp,,,Run3TrialList,,,,,,,,,,,,,,,,,,,,,,,,,,,,,,,,,,,,,,,,,,,,,,,,,,,,,,,,,,,,,,,,,,,,,,,,,,,,,,,,,,,,,,,,,,,,,,,,,,,,,,,,,,,,,,,,,Neutral,BrownCeramicBowl.bmp,7000,5000,,,17,1137014,0,0,1,0,,,7014,14,1144028,0,0,1144559,0,531,7,,1016,16,1145044,0,0,1,0,,,5031,31,1150075,0,0,1150519,0,444,7,,0,,,,,,,,,,,,,,,,,,,,,,,,,,,,,,,,,,,,,,,,,,,,,,,,,,,,,,,,,,,,,,,,,,,,,,,,,,,,,,,,,,,,,,,,,,,,,,,,,24,2,7,,,,,,,,,,,,,,,,,,,,,,,,,,,,,,,,,,,
65,,,,,,,,,,,,,4,Run3TrialProc,1,n,o.bmp,,,Run3TrialList,,,,,,,,,,,,,,,,,,,,,,,,,,,,,,,,,,,,,,,,,,,,,,,,,,,,,,,,,,,,,,,,,,,,,,,,,,,,,,,,,,,,,,,,,,,,,,,,,,,,,,,,,,,,,,,,,Neutral,BlackClock.bmp,6000,5000,,,16,1151091,0,0,1,0,,,6015,15,1157106,0,0,1157559,0,453,7,,1016,16,1158122,0,0,1,0,,,5031,31,1163153,0,0,1163551,0,398,7,,0,,,,,,,,,,,,,,,,,,,,,,,,,,,,,,,,,,,,,,,,,,,,,,,,,,,,,,,,,,,,,,,,,,,,,,,,,,,,,,,,,,,,,,,,,,,,,,,,,9,2,8,,,,,,,,,,,,,,,,,,,,,,,,,,,,,,,,,,,
66,,,,,,,,,,,,,4,Run3TrialProc,2,m,X.bmp,,,Run3TrialList,,,,,,,,,,,,,,,,,,,,,,,,,,,,,,,,,,,,,,,,,,,,,,,,,,,,,,,,,,,,,,,,,,,,,,,,,,,,,,,,,,,,,,,,,,,,,,,,,,,,,,,,,,,,,,,,,Fear,AM17AFS.bmp,5000,7000,,,16,1164169,0,0,1,0,,,5015,15,1169184,0,0,1169567,0,383,7,,1016,16,1170200,0,0,1,0,,,7031,31,1177231,0,0,1177607,0,376,7,,0,,,,,,,,,,,,,,,,,,,,,,,,,,,,,,,,,,,,,,,,,,,,,,,,,,,,,,,,,,,,,,,,,,,,,,,,,,,,,,,,,,,,,,,,,,,,,,,,,5,2,9,,,,,,,,,,,,,,,,,,,,,,,,,,,,,,,,,,,
67,,,,,,,,,,,,,4,Run3TrialProc,1,n,o.bmp,,,Run3TrialList,,,,,,,,,,,,,,,,,,,,,,,,,,,,,,,,,,,,,,,,,,,,,,,,,,,,,,,,,,,,,,,,,,,,,,,,,,,,,,,,,,,,,,,,,,,,,,,,,,,,,,,,,,,,,,,,,Neutral,WoodSectionBowl.bmp,6000,5000,,,16,1178247,0,0,1,0,,,6014,14,1184261,0,0,1184703,0,442,7,,1016,16,1185277,0,0,1,0,,,5032,32,1190309,0,0,1190711,0,402,7,,0,,,,,,,,,,,,,,,,,,,,,,,,,,,,,,,,,,,,,,,,,,,,,,,,,,,,,,,,,,,,,,,,,,,,,,,,,,,,,,,,,,,,,,,,,,,,,,,,,16,2,10,,,,,,,,,,,,,,,,,,,,,,,,,,,,,,,,,,,
68,,,,,,,,,,,,,4,Run3TrialProc,3,m,question.bmp,,,Run3TrialList,,,,,,,,,,,,,,,,,,,,,,,,,,,,,,,,,,,,,,,,,,,,,,,,,,,,,,,,,,,,,,,,,,,,,,,,,,,,,,,,,,,,,,,,,,,,,,,,,,,,,,,,,,,,,,,,,Fear,AM09AFS.bmp,6000,6000,,,16,1191325,0,0,1,0,,,6014,14,1197339,0,0,1197791,0,452,7,,1016,16,1198355,0,0,1,0,,,6031,31,1204386,0,0,1204855,0,469,7,,0,,,,,,,,,,,,,,,,,,,,,,,,,,,,,,,,,,,,,,,,,,,,,,,,,,,,,,,,,,,,,,,,,,,,,,,,,,,,,,,,,,,,,,,,,,,,,,,,,20,2,11,,,,,,,,,,,,,,,,,,,,,,,,,,,,,,,,,,,
69,,,,,,,,,,,,,4,Run3TrialProc,3,n,question.bmp,,,Run3TrialList,,,,,,,,,,,,,,,,,,,,,,,,,,,,,,,,,,,,,,,,,,,,,,,,,,,,,,,,,,,,,,,,,,,,,,,,,,,,,,,,,,,,,,,,,,,,,,,,,,,,,,,,,,,,,,,,,Neutral,BrownPlate.bmp,6000,5000,,,16,1205402,0,0,1,0,,,6015,15,1211417,0,0,1211855,0,438,7,,1016,16,1212433,0,0,1,0,,,5031,31,1217464,0,0,1217927,0,463,7,,0,,,,,,,,,,,,,,,,,,,,,,,,,,,,,,,,,,,,,,,,,,,,,,,,,,,,,,,,,,,,,,,,,,,,,,,,,,,,,,,,,,,,,,,,,,,,,,,,,23,2,12,,,,,,,,,,,,,,,,,,,,,,,,,,,,,,,,,,,
70,,,,,,,,,,,,,4,Run3TrialProc,2,m,X.bmp,,,Run3TrialList,,,,,,,,,,,,,,,,,,,,,,,,,,,,,,,,,,,,,,,,,,,,,,,,,,,,,,,,,,,,,,,,,,,,,,,,,,,,,,,,,,,,,,,,,,,,,,,,,,,,,,,,,,,,,,,,,Fear,20M_FE_O.bmp,8000,6000,,,16,1218480,0,0,1,0,,,8014,14,1226494,0,0,1226919,0,425,7,,1016,16,1227510,0,0,1,0,,,6031,31,1233541,0,0,1234103,0,562,7,,0,,,,,,,,,,,,,,,,,,,,,,,,,,,,,,,,,,,,,,,,,,,,,,,,,,,,,,,,,,,,,,,,,,,,,,,,,,,,,,,,,,,,,,,,,,,,,,,,,8,2,13,,,,,,,,,,,,,,,,,,,,,,,,,,,,,,,,,,,
71,,,,,,,,,,,,,4,Run3TrialProc,1,n,o.bmp,,,Run3TrialList,,,,,,,,,,,,,,,,,,,,,,,,,,,,,,,,,,,,,,,,,,,,,,,,,,,,,,,,,,,,,,,,,,,,,,,,,,,,,,,,,,,,,,,,,,,,,,,,,,,,,,,,,,,,,,,,,Neutral,WhitePlate.bmp,5000,8000,,,16,1234557,0,0,1,0,,,5015,15,1239572,0,0,1240159,0,587,7,,1016,16,1240588,0,0,1,0,,,8030,30,1248618,0,0,1249039,0,421,7,,0,,,,,,,,,,,,,,,,,,,,,,,,,,,,,,,,,,,,,,,,,,,,,,,,,,,,,,,,,,,,,,,,,,,,,,,,,,,,,,,,,,,,,,,,,,,,,,,,,13,2,14,,,,,,,,,,,,,,,,,,,,,,,,,,,,,,,,,,,
72,,,,,,,,,,,,,4,Run3TrialProc,3,f,question.bmp,,,Run3TrialList,,,,,,,,,,,,,,,,,,,,,,,,,,,,,,,,,,,,,,,,,,,,,,,,,,,,,,,,,,,,,,,,,,,,,,,,,,,,,,,,,,,,,,,,,,,,,,,,,,,,,,,,,,,,,,,,,Fear,AF28AFS.bmp,5000,8000,,,16,1249634,0,0,1,0,,,5015,15,1254649,0,0,1255127,0,478,7,,1016,16,1255665,0,0,1,0,,,8047,47,1263712,0,0,1264215,0,503,7,,0,,,,,,,,,,,,,,,,,,,,,,,,,,,,,,,,,,,,,,,,,,,,,,,,,,,,,,,,,,,,,,,,,,,,,,,,,,,,,,,,,,,,,,,,,,,,,,,,,17,2,15,,,,,,,,,,,,,,,,,,,,,,,,,,,,,,,,,,,
73,,,,,,,,,,,,,4,Run3TrialProc,3,f,question.bmp,,,Run3TrialList,,,,,,,,,,,,,,,,,,,,,,,,,,,,,,,,,,,,,,,,,,,,,,,,,,,,,,,,,,,,,,,,,,,,,,,,,,,,,,,,,,,,,,,,,,,,,,,,,,,,,,,,,,,,,,,,,Fear,AF32AFS.bmp,5000,5000,,,16,1264728,0,0,1,0,,,5015,15,1269743,0,0,1270239,0,496,7,,1016,16,1270759,0,0,1,0,,,5031,31,1275790,0,0,1276343,0,553,7,,0,,,,,,,,,,,,,,,,,,,,,,,,,,,,,,,,,,,,,,,,,,,,,,,,,,,,,,,,,,,,,,,,,,,,,,,,,,,,,,,,,,,,,,,,,,,,,,,,,18,2,16,,,,,,,,,,,,,,,,,,,,,,,,,,,,,,,,,,,
74,,,,,,,,,,,,,4,Run3TrialProc,3,n,question.bmp,,,Run3TrialList,,,,,,,,,,,,,,,,,,,,,,,,,,,,,,,,,,,,,,,,,,,,,,,,,,,,,,,,,,,,,,,,,,,,,,,,,,,,,,,,,,,,,,,,,,,,,,,,,,,,,,,,,,,,,,,,,Neutral,PurpleBowl.bmp,8000,7000,,,17,1276807,0,0,1,0,,,8013,13,1284820,0,0,1285311,0,491,7,,1016,16,1285836,0,0,1,0,,,7047,47,1292883,0,0,1293351,0,468,7,,0,,,,,,,,,,,,,,,,,,,,,,,,,,,,,,,,,,,,,,,,,,,,,,,,,,,,,,,,,,,,,,,,,,,,,,,,,,,,,,,,,,,,,,,,,,,,,,,,,21,2,17,,,,,,,,,,,,,,,,,,,,,,,,,,,,,,,,,,,
75,,,,,,,,,,,,,4,Run3TrialProc,2,f,X.bmp,,,Run3TrialList,,,,,,,,,,,,,,,,,,,,,,,,,,,,,,,,,,,,,,,,,,,,,,,,,,,,,,,,,,,,,,,,,,,,,,,,,,,,,,,,,,,,,,,,,,,,,,,,,,,,,,,,,,,,,,,,,Fear,BF10AFS.bmp,5000,5000,,,17,1293900,0,0,1,0,,,5014,14,1298914,0,0,1299383,0,469,7,,1016,16,1299930,0,0,1,0,,,5032,32,1304962,0,0,1305559,0,597,7,,0,,,,,,,,,,,,,,,,,,,,,,,,,,,,,,,,,,,,,,,,,,,,,,,,,,,,,,,,,,,,,,,,,,,,,,,,,,,,,,,,,,,,,,,,,,,,,,,,,2,2,18,,,,,,,,,,,,,,,,,,,,,,,,,,,,,,,,,,,
76,,,,,,,,,,,,,4,Run3TrialProc,1,n,o.bmp,,,Run3TrialList,,,,,,,,,,,,,,,,,,,,,,,,,,,,,,,,,,,,,,,,,,,,,,,,,,,,,,,,,,,,,,,,,,,,,,,,,,,,,,,,,,,,,,,,,,,,,,,,,,,,,,,,,,,,,,,,,Neutral,WoodSaladBowl.bmp,5000,6000,,,16,1305978,0,0,1,0,,,5015,15,1310993,0,0,1311511,0,518,7,,1016,16,1312009,0,0,1,0,,,6031,31,1318040,0,0,1318527,0,487,7,,0,,,,,,,,,,,,,,,,,,,,,,,,,,,,,,,,,,,,,,,,,,,,,,,,,,,,,,,,,,,,,,,,,,,,,,,,,,,,,,,,,,,,,,,,,,,,,,,,,12,2,19,,,,,,,,,,,,,,,,,,,,,,,,,,,,,,,,,,,
77,,,,,,,,,,,,,4,Run3TrialProc,3,m,question.bmp,,,Run3TrialList,,,,,,,,,,,,,,,,,,,,,,,,,,,,,,,,,,,,,,,,,,,,,,,,,,,,,,,,,,,,,,,,,,,,,,,,,,,,,,,,,,,,,,,,,,,,,,,,,,,,,,,,,,,,,,,,,Fear,AM12AFS.bmp,5000,5000,,,16,1319056,0,0,1,0,,,5015,15,1324071,0,0,1324527,0,456,7,,1016,16,1325087,0,0,1,0,,,5031,31,1330118,0,0,1330591,0,473,7,,0,,,,,,,,,,,,,,,,,,,,,,,,,,,,,,,,,,,,,,,,,,,,,,,,,,,,,,,,,,,,,,,,,,,,,,,,,,,,,,,,,,,,,,,,,,,,,,,,,19,2,20,,,,,,,,,,,,,,,,,,,,,,,,,,,,,,,,,,,
78,,,,,,,,,,,,,4,Run3TrialProc,2,f,X.bmp,,,Run3TrialList,,,,,,,,,,,,,,,,,,,,,,,,,,,,,,,,,,,,,,,,,,,,,,,,,,,,,,,,,,,,,,,,,,,,,,,,,,,,,,,,,,,,,,,,,,,,,,,,,,,,,,,,,,,,,,,,,Fear,BF09AFS.bmp,5000,5000,,,16,1331134,0,0,1,0,,,5015,15,1336149,0,0,1336655,0,506,7,,1016,16,1337165,0,0,1,0,,,5032,32,1342197,0,0,1342679,0,482,7,,0,,,,,,,,,,,,,,,,,,,,,,,,,,,,,,,,,,,,,,,,,,,,,,,,,,,,,,,,,,,,,,,,,,,,,,,,,,,,,,,,,,,,,,,,,,,,,,,,,1,2,21,,,,,,,,,,,,,,,,,,,,,,,,,,,,,,,,,,,
79,,,,,,,,,,,,,4,Run3TrialProc,2,f,X.bmp,,,Run3TrialList,,,,,,,,,,,,,,,,,,,,,,,,,,,,,,,,,,,,,,,,,,,,,,,,,,,,,,,,,,,,,,,,,,,,,,,,,,,,,,,,,,,,,,,,,,,,,,,,,,,,,,,,,,,,,,,,,Fear,05F_FE_O.bmp,5000,6000,,,16,1343213,0,0,1,0,,,5014,14,1348227,0,0,1348735,0,508,7,,1017,17,1349244,0,0,1,0,,,6031,31,1355275,0,0,1355815,0,540,7,,0,,,,,,,,,,,,,,,,,,,,,,,,,,,,,,,,,,,,,,,,,,,,,,,,,,,,,,,,,,,,,,,,,,,,,,,,,,,,,,,,,,,,,,,,,,,,,,,,,4,2,22,,,,,,,,,,,,,,,,,,,,,,,,,,,,,,,,,,,
80,,,,,,,,,,,,,4,Run3TrialProc,2,m,X.bmp,,,Run3TrialList,,,,,,,,,,,,,,,,,,,,,,,,,,,,,,,,,,,,,,,,,,,,,,,,,,,,,,,,,,,,,,,,,,,,,,,,,,,,,,,,,,,,,,,,,,,,,,,,,,,,,,,,,,,,,,,,,Fear,AM10AFS.bmp,7000,5000,,,16,1356291,0,0,1,0,,,7014,14,1363305,0,0,1363943,0,638,7,,1016,16,1364321,0,0,1,0,,,5031,31,1369352,0,0,1369855,0,503,7,,0,,,,,,,,,,,,,,,,,,,,,,,,,,,,,,,,,,,,,,,,,,,,,,,,,,,,,,,,,,,,,,,,,,,,,,,,,,,,,,,,,,,,,,,,,,,,,,,,,7,2,23,,,,,,,,,,,,,,,,,,,,,,,,,,,,,,,,,,,
81,,,,,,,,,,,,,4,Run3TrialProc,1,n,o.bmp,,,Run3TrialList,,,,,,,,,,,,,,,,,,,,,,,,,,,,,,,,,,,,,,,,,,,,,,,,,,,,,,,,,,,,,,,,,,,,,,,,,,,,,,,,,,,,,,,,,,,,,,,,,,,,,,,,,,,,,,,,,Neutral,LightBlueBowl.bmp,8000,5000,,,16,1370368,0,0,1,0,,,8014,14,1378382,0,0,1378975,0,593,7,,1016,16,1379398,0,0,1,0,,,5031,31,1384429,0,0,1384951,0,522,7,,0,,,,,,,,,,,,,,,,,,,,,,,,,,,,,,,,,,,,,,,,,,,,,,,,,,,,,,,,,,,,,,,,,,,,,,,,,,,,,,,,,,,,,,,,,,,,,,,,,15,2,24,,,,,,,,,,,,,,,,,,,,,,,,,,,,,,,,,,,
82,,,,,,,,,,,,,3,Run3Proc,,,,,,StudyList,,,,,,,,,,,,,,,,,,,,,,,,,,,,,,,,,,,,,,,,,,,,,,,,,,,,,,,,,,,,,,,,,,,,,,,,,,,,,,,,,,,,,,,,,,,,,,,,,,,,,,,,,,,,,,,,,,,,,,,,,,,,,,,,,,,,,,,,,,,,,,,,,,,,,,,,,,,,,3,1,3,16,1002719,-999999,1024263,0,21544,{SPACE},,0,,,,,,,,,,,,,,,,,,,13,1024276,-999999,1024583,0,307,{SPACE},,0,,,,,,,,,,17,1024776,-999999,1043447,0,18671,{`},,0,22,1043469,0,0,0,0,,,10012,17,1385446,0,0,0,0,,,20025,25,1405471,0,0,1,0,,,0,,,,,,,,,,,,,,,,27,1024610,-999999,1024759,0,149,{SPACE},,0,,,,,,,,,,,,,,,,,,,,,,,,,,
83,,,,,,,,,,,,,4,Run4TrialProc,3,m,question.bmp,,,Run4TrialList,,,,,,,,,,,,,,,,,,,,,,,,,,,,,,,,,,,,,,,,,,,,,,,,,,,,,,,,,,,,,,,,,,,,,,,,,,,,,,,,,,,,,,,,,,,,,,,,,,,,,,,,,,,,,,,,,Fear,AM23AFS.bmp,5000,5000,,,12,1453684,0,0,1,0,,,5015,15,1458699,0,0,1459367,0,668,7,,1016,16,1459715,0,0,1,0,,,5031,31,1464746,0,0,1465279,0,533,7,,0,,,,,,,,,,,,,,,,,,,,,,,,,,,,,,,,,,,,,,,,,,,,,,,,,,,,,,,,,,,,,,,,,,,,,,,,,,,,,,,,,,,,,,,,,,,,,,,,,,,,,,,,,,,,,19,2,1,,,,,,,,,,,,,,,,,,,,,,,
84,,,,,,,,,,,,,4,Run4TrialProc,3,f,question.bmp,,,Run4TrialList,,,,,,,,,,,,,,,,,,,,,,,,,,,,,,,,,,,,,,,,,,,,,,,,,,,,,,,,,,,,,,,,,,,,,,,,,,,,,,,,,,,,,,,,,,,,,,,,,,,,,,,,,,,,,,,,,Fear,BF14AFS.bmp,5000,5000,,,17,1465763,0,0,1,0,,,5014,14,1470777,0,0,1471279,0,502,7,,1017,17,1471794,0,1471967,0,173,7,,5031,31,1476825,0,0,1477263,0,438,7,,0,,,,,,,,,,,,,,,,,,,,,,,,,,,,,,,,,,,,,,,,,,,,,,,,,,,,,,,,,,,,,,,,,,,,,,,,,,,,,,,,,,,,,,,,,,,,,,,,,,,,,,,,,,,,,18,2,2,,,,,,,,,,,,,,,,,,,,,,,
85,,,,,,,,,,,,,4,Run4TrialProc,3,m,question.bmp,,,Run4TrialList,,,,,,,,,,,,,,,,,,,,,,,,,,,,,,,,,,,,,,,,,,,,,,,,,,,,,,,,,,,,,,,,,,,,,,,,,,,,,,,,,,,,,,,,,,,,,,,,,,,,,,,,,,,,,,,,,Fear,BM34AFS.bmp,6000,6000,,,16,1477841,0,0,1,0,,,6014,14,1483855,0,0,1484423,0,568,7,,1017,17,1484872,0,0,1,0,,,6064,64,1490936,0,0,1491447,0,511,7,,0,,,,,,,,,,,,,,,,,,,,,,,,,,,,,,,,,,,,,,,,,,,,,,,,,,,,,,,,,,,,,,,,,,,,,,,,,,,,,,,,,,,,,,,,,,,,,,,,,,,,,,,,,,,,,20,2,3,,,,,,,,,,,,,,,,,,,,,,,
86,,,,,,,,,,,,,4,Run4TrialProc,1,n,o.bmp,,,Run4TrialList,,,,,,,,,,,,,,,,,,,,,,,,,,,,,,,,,,,,,,,,,,,,,,,,,,,,,,,,,,,,,,,,,,,,,,,,,,,,,,,,,,,,,,,,,,,,,,,,,,,,,,,,,,,,,,,,,Neutral,LargeBlueBowl.bmp,7000,5000,,,16,1491952,0,0,1,0,,,7014,14,1498966,0,0,1499559,0,593,7,,1016,16,1499982,0,0,1,0,,,5031,31,1505013,0,0,1505519,0,506,7,,0,,,,,,,,,,,,,,,,,,,,,,,,,,,,,,,,,,,,,,,,,,,,,,,,,,,,,,,,,,,,,,,,,,,,,,,,,,,,,,,,,,,,,,,,,,,,,,,,,,,,,,,,,,,,,15,2,4,,,,,,,,,,,,,,,,,,,,,,,
87,,,,,,,,,,,,,4,Run4TrialProc,2,f,X.bmp,,,Run4TrialList,,,,,,,,,,,,,,,,,,,,,,,,,,,,,,,,,,,,,,,,,,,,,,,,,,,,,,,,,,,,,,,,,,,,,,,,,,,,,,,,,,,,,,,,,,,,,,,,,,,,,,,,,,,,,,,,,Fear,09F_FE_O.bmp,7000,5000,,,17,1506030,0,0,1,0,,,7013,13,1513043,0,0,1513591,0,548,7,,1017,17,1514060,0,0,1,0,,,5031,31,1519091,0,0,1519791,0,700,7,,0,,,,,,,,,,,,,,,,,,,,,,,,,,,,,,,,,,,,,,,,,,,,,,,,,,,,,,,,,,,,,,,,,,,,,,,,,,,,,,,,,,,,,,,,,,,,,,,,,,,,,,,,,,,,,2,2,5,,,,,,,,,,,,,,,,,,,,,,,
88,,,,,,,,,,,,,4,Run4TrialProc,3,f,question.bmp,,,Run4TrialList,,,,,,,,,,,,,,,,,,,,,,,,,,,,,,,,,,,,,,,,,,,,,,,,,,,,,,,,,,,,,,,,,,,,,,,,,,,,,,,,,,,,,,,,,,,,,,,,,,,,,,,,,,,,,,,,,Fear,BF06AFS.bmp,5000,8000,,,16,1520107,0,0,1,0,,,5015,15,1525122,0,0,1525583,0,461,7,,1016,16,1526138,0,0,1,0,,,8030,30,1534168,0,0,1534599,0,431,7,,0,,,,,,,,,,,,,,,,,,,,,,,,,,,,,,,,,,,,,,,,,,,,,,,,,,,,,,,,,,,,,,,,,,,,,,,,,,,,,,,,,,,,,,,,,,,,,,,,,,,,,,,,,,,,,17,2,6,,,,,,,,,,,,,,,,,,,,,,,
89,,,,,,,,,,,,,4,Run4TrialProc,2,f,X.bmp,,,Run4TrialList,,,,,,,,,,,,,,,,,,,,,,,,,,,,,,,,,,,,,,,,,,,,,,,,,,,,,,,,,,,,,,,,,,,,,,,,,,,,,,,,,,,,,,,,,,,,,,,,,,,,,,,,,,,,,,,,,Fear,06F_FE_O.bmp,6000,5000,,,16,1535184,0,0,1,0,,,6015,15,1541199,0,0,1541679,0,480,7,,1016,16,1542215,0,0,1,0,,,5031,31,1547246,0,0,1547719,0,473,7,,0,,,,,,,,,,,,,,,,,,,,,,,,,,,,,,,,,,,,,,,,,,,,,,,,,,,,,,,,,,,,,,,,,,,,,,,,,,,,,,,,,,,,,,,,,,,,,,,,,,,,,,,,,,,,,1,2,7,,,,,,,,,,,,,,,,,,,,,,,
90,,,,,,,,,,,,,4,Run4TrialProc,1,n,o.bmp,,,Run4TrialList,,,,,,,,,,,,,,,,,,,,,,,,,,,,,,,,,,,,,,,,,,,,,,,,,,,,,,,,,,,,,,,,,,,,,,,,,,,,,,,,,,,,,,,,,,,,,,,,,,,,,,,,,,,,,,,,,Neutral,ModernClock.bmp,6000,5000,,,16,1548262,0,0,1,0,,,6015,15,1554277,0,0,1554887,0,610,7,,1016,16,1555293,0,0,1,0,,,5031,31,1560324,0,0,1560847,0,523,7,,0,,,,,,,,,,,,,,,,,,,,,,,,,,,,,,,,,,,,,,,,,,,,,,,,,,,,,,,,,,,,,,,,,,,,,,,,,,,,,,,,,,,,,,,,,,,,,,,,,,,,,,,,,,,,,14,2,8,,,,,,,,,,,,,,,,,,,,,,,
91,,,,,,,,,,,,,4,Run4TrialProc,1,n,o.bmp,,,Run4TrialList,,,,,,,,,,,,,,,,,,,,,,,,,,,,,,,,,,,,,,,,,,,,,,,,,,,,,,,,,,,,,,,,,,,,,,,,,,,,,,,,,,,,,,,,,,,,,,,,,,,,,,,,,,,,,,,,,Neutral,BrownLondonClock.bmp,5000,7000,,,16,1561340,0,0,1,0,,,5015,15,1566355,0,0,1566799,0,444,7,,1016,16,1567371,0,0,1,0,,,7047,47,1574418,0,0,1574847,0,429,7,,0,,,,,,,,,,,,,,,,,,,,,,,,,,,,,,,,,,,,,,,,,,,,,,,,,,,,,,,,,,,,,,,,,,,,,,,,,,,,,,,,,,,,,,,,,,,,,,,,,,,,,,,,,,,,,13,2,9,,,,,,,,,,,,,,,,,,,,,,,
92,,,,,,,,,,,,,4,Run4TrialProc,1,n,o.bmp,,,Run4TrialList,,,,,,,,,,,,,,,,,,,,,,,,,,,,,,,,,,,,,,,,,,,,,,,,,,,,,,,,,,,,,,,,,,,,,,,,,,,,,,,,,,,,,,,,,,,,,,,,,,,,,,,,,,,,,,,,,Neutral,ChinaPlate.bmp,6000,8000,,,17,1575435,0,0,1,0,,,6014,14,1581449,0,0,1581943,0,494,7,,1016,16,1582465,0,0,1,0,,,8047,47,1590512,0,0,1590935,0,423,7,,0,,,,,,,,,,,,,,,,,,,,,,,,,,,,,,,,,,,,,,,,,,,,,,,,,,,,,,,,,,,,,,,,,,,,,,,,,,,,,,,,,,,,,,,,,,,,,,,,,,,,,,,,,,,,,11,2,10,,,,,,,,,,,,,,,,,,,,,,,
93,,,,,,,,,,,,,4,Run4TrialProc,3,n,question.bmp,,,Run4TrialList,,,,,,,,,,,,,,,,,,,,,,,,,,,,,,,,,,,,,,,,,,,,,,,,,,,,,,,,,,,,,,,,,,,,,,,,,,,,,,,,,,,,,,,,,,,,,,,,,,,,,,,,,,,,,,,,,Neutral,DarkPlatewithRedTrim.bmp,5000,6000,,,16,1591528,0,0,1,0,,,5015,15,1596543,0,0,1597047,0,504,7,,1016,16,1597559,0,0,1,0,,,6031,31,1603590,0,0,1604023,0,433,7,,0,,,,,,,,,,,,,,,,,,,,,,,,,,,,,,,,,,,,,,,,,,,,,,,,,,,,,,,,,,,,,,,,,,,,,,,,,,,,,,,,,,,,,,,,,,,,,,,,,,,,,,,,,,,,,22,2,11,,,,,,,,,,,,,,,,,,,,,,,
94,,,,,,,,,,,,,4,Run4TrialProc,1,n,o.bmp,,,Run4TrialList,,,,,,,,,,,,,,,,,,,,,,,,,,,,,,,,,,,,,,,,,,,,,,,,,,,,,,,,,,,,,,,,,,,,,,,,,,,,,,,,,,,,,,,,,,,,,,,,,,,,,,,,,,,,,,,,,Neutral,RedPlate.bmp,8000,6000,,,16,1604606,0,0,1,0,,,8013,13,1612619,0,0,1613119,0,500,7,,1017,17,1613636,0,0,1,0,,,6047,47,1619683,0,0,1620255,0,572,7,,0,,,,,,,,,,,,,,,,,,,,,,,,,,,,,,,,,,,,,,,,,,,,,,,,,,,,,,,,,,,,,,,,,,,,,,,,,,,,,,,,,,,,,,,,,,,,,,,,,,,,,,,,,,,,,16,2,12,,,,,,,,,,,,,,,,,,,,,,,
95,,,,,,,,,,,,,4,Run4TrialProc,2,m,X.bmp,,,Run4TrialList,,,,,,,,,,,,,,,,,,,,,,,,,,,,,,,,,,,,,,,,,,,,,,,,,,,,,,,,,,,,,,,,,,,,,,,,,,,,,,,,,,,,,,,,,,,,,,,,,,,,,,,,,,,,,,,,,Fear,AM06AFS.bmp,5000,8000,,,16,1620699,0,0,1,0,,,5015,15,1625714,0,0,1626143,0,429,7,,1016,16,1626730,0,0,1,0,,,8030,30,1634760,0,0,1635167,0,407,7,,0,,,,,,,,,,,,,,,,,,,,,,,,,,,,,,,,,,,,,,,,,,,,,,,,,,,,,,,,,,,,,,,,,,,,,,,,,,,,,,,,,,,,,,,,,,,,,,,,,,,,,,,,,,,,,5,2,13,,,,,,,,,,,,,,,,,,,,,,,
96,,,,,,,,,,,,,4,Run4TrialProc,2,m,X.bmp,,,Run4TrialList,,,,,,,,,,,,,,,,,,,,,,,,,,,,,,,,,,,,,,,,,,,,,,,,,,,,,,,,,,,,,,,,,,,,,,,,,,,,,,,,,,,,,,,,,,,,,,,,,,,,,,,,,,,,,,,,,Fear,30M_FE_O.bmp,6000,5000,,,17,1635777,0,0,1,0,,,6014,14,1641791,0,0,1642255,0,464,7,,1016,16,1642807,0,0,1,0,,,5031,31,1647838,0,0,1648351,0,513,7,,0,,,,,,,,,,,,,,,,,,,,,,,,,,,,,,,,,,,,,,,,,,,,,,,,,,,,,,,,,,,,,,,,,,,,,,,,,,,,,,,,,,,,,,,,,,,,,,,,,,,,,,,,,,,,,8,2,14,,,,,,,,,,,,,,,,,,,,,,,
97,,,,,,,,,,,,,4,Run4TrialProc,3,n,question.bmp,,,Run4TrialList,,,,,,,,,,,,,,,,,,,,,,,,,,,,,,,,,,,,,,,,,,,,,,,,,,,,,,,,,,,,,,,,,,,,,,,,,,,,,,,,,,,,,,,,,,,,,,,,,,,,,,,,,,,,,,,,,Neutral,WoodenPlate.bmp,8000,7000,,,17,1648855,0,0,1,0,,,8013,13,1656868,0,0,1657399,0,531,7,,1016,16,1657884,0,0,1,0,,,7031,31,1664915,0,0,1665495,0,580,7,,0,,,,,,,,,,,,,,,,,,,,,,,,,,,,,,,,,,,,,,,,,,,,,,,,,,,,,,,,,,,,,,,,,,,,,,,,,,,,,,,,,,,,,,,,,,,,,,,,,,,,,,,,,,,,,21,2,15,,,,,,,,,,,,,,,,,,,,,,,
98,,,,,,,,,,,,,4,Run4TrialProc,2,m,X.bmp,,,Run4TrialList,,,,,,,,,,,,,,,,,,,,,,,,,,,,,,,,,,,,,,,,,,,,,,,,,,,,,,,,,,,,,,,,,,,,,,,,,,,,,,,,,,,,,,,,,,,,,,,,,,,,,,,,,,,,,,,,,Fear,BM31AFS.bmp,8000,5000,,,16,1665931,0,0,1,0,,,8013,13,1673944,0,0,1674591,0,647,7,,1017,17,1674961,0,0,1,0,,,5031,31,1679992,0,0,1680495,0,503,7,,0,,,,,,,,,,,,,,,,,,,,,,,,,,,,,,,,,,,,,,,,,,,,,,,,,,,,,,,,,,,,,,,,,,,,,,,,,,,,,,,,,,,,,,,,,,,,,,,,,,,,,,,,,,,,,7,2,16,,,,,,,,,,,,,,,,,,,,,,,
99,,,,,,,,,,,,,4,Run4TrialProc,2,f,X.bmp,,,Run4TrialList,,,,,,,,,,,,,,,,,,,,,,,,,,,,,,,,,,,,,,,,,,,,,,,,,,,,,,,,,,,,,,,,,,,,,,,,,,,,,,,,,,,,,,,,,,,,,,,,,,,,,,,,,,,,,,,,,Fear,AF21AFS.bmp,5000,7000,,,16,1681008,0,0,1,0,,,5015,15,1686023,0,0,1686831,0,808,7,,1016,16,1687039,0,0,1,0,,,7030,30,1694069,0,0,1694503,0,434,7,,0,,,,,,,,,,,,,,,,,,,,,,,,,,,,,,,,,,,,,,,,,,,,,,,,,,,,,,,,,,,,,,,,,,,,,,,,,,,,,,,,,,,,,,,,,,,,,,,,,,,,,,,,,,,,,3,2,17,,,,,,,,,,,,,,,,,,,,,,,
100,,,,,,,,,,,,,4,Run4TrialProc,3,n,question.bmp,,,Run4TrialList,,,,,,,,,,,,,,,,,,,,,,,,,,,,,,,,,,,,,,,,,,,,,,,,,,,,,,,,,,,,,,,,,,,,,,,,,,,,,,,,,,,,,,,,,,,,,,,,,,,,,,,,,,,,,,,,,Neutral,BlueClock.bmp,6000,5000,,,17,1695086,0,0,1,0,,,6014,14,1701100,0,0,1701767,0,667,7,,1016,16,1702116,0,0,1,0,,,5031,31,1707147,0,0,1707575,0,428,7,,0,,,,,,,,,,,,,,,,,,,,,,,,,,,,,,,,,,,,,,,,,,,,,,,,,,,,,,,,,,,,,,,,,,,,,,,,,,,,,,,,,,,,,,,,,,,,,,,,,,,,,,,,,,,,,23,2,18,,,,,,,,,,,,,,,,,,,,,,,
101,,,,,,,,,,,,,4,Run4TrialProc,1,n,o.bmp,,,Run4TrialList,,,,,,,,,,,,,,,,,,,,,,,,,,,,,,,,,,,,,,,,,,,,,,,,,,,,,,,,,,,,,,,,,,,,,,,,,,,,,,,,,,,,,,,,,,,,,,,,,,,,,,,,,,,,,,,,,Neutral,WhiteBowl2.bmp,5000,5000,,,17,1708164,0,0,1,0,,,5014,14,1713178,0,0,1713727,0,549,7,,1017,17,1714195,0,0,1,0,,,5047,47,1719242,0,0,1719679,0,437,7,,0,,,,,,,,,,,,,,,,,,,,,,,,,,,,,,,,,,,,,,,,,,,,,,,,,,,,,,,,,,,,,,,,,,,,,,,,,,,,,,,,,,,,,,,,,,,,,,,,,,,,,,,,,,,,,10,2,19,,,,,,,,,,,,,,,,,,,,,,,
102,,,,,,,,,,,,,4,Run4TrialProc,1,n,o.bmp,,,Run4TrialList,,,,,,,,,,,,,,,,,,,,,,,,,,,,,,,,,,,,,,,,,,,,,,,,,,,,,,,,,,,,,,,,,,,,,,,,,,,,,,,,,,,,,,,,,,,,,,,,,,,,,,,,,,,,,,,,,Neutral,BlueFlowerPlate.bmp,5000,5000,,,17,1720259,0,0,1,0,,,5014,14,1725273,0,0,1725775,0,502,7,,1017,17,1726290,0,0,1,0,,,5031,31,1731321,0,0,1731767,0,446,7,,0,,,,,,,,,,,,,,,,,,,,,,,,,,,,,,,,,,,,,,,,,,,,,,,,,,,,,,,,,,,,,,,,,,,,,,,,,,,,,,,,,,,,,,,,,,,,,,,,,,,,,,,,,,,,,9,2,20,,,,,,,,,,,,,,,,,,,,,,,
103,,,,,,,,,,,,,4,Run4TrialProc,1,n,o.bmp,,,Run4TrialList,,,,,,,,,,,,,,,,,,,,,,,,,,,,,,,,,,,,,,,,,,,,,,,,,,,,,,,,,,,,,,,,,,,,,,,,,,,,,,,,,,,,,,,,,,,,,,,,,,,,,,,,,,,,,,,,,Neutral,OrangePlate.bmp,5000,6000,,,16,1732337,0,0,1,0,,,5015,15,1737352,0,0,1737959,0,607,7,,1016,16,1738368,0,0,1,0,,,6048,48,1744416,0,0,1744799,0,383,7,,0,,,,,,,,,,,,,,,,,,,,,,,,,,,,,,,,,,,,,,,,,,,,,,,,,,,,,,,,,,,,,,,,,,,,,,,,,,,,,,,,,,,,,,,,,,,,,,,,,,,,,,,,,,,,,12,2,21,,,,,,,,,,,,,,,,,,,,,,,
104,,,,,,,,,,,,,4,Run4TrialProc,2,m,X.bmp,,,Run4TrialList,,,,,,,,,,,,,,,,,,,,,,,,,,,,,,,,,,,,,,,,,,,,,,,,,,,,,,,,,,,,,,,,,,,,,,,,,,,,,,,,,,,,,,,,,,,,,,,,,,,,,,,,,,,,,,,,,Fear,AM05AFS.bmp,5000,6000,,,16,1745432,0,0,1,0,,,5014,14,1750446,0,0,1750871,0,425,7,,1017,17,1751463,0,0,1,0,,,6047,47,1757510,0,0,1757919,0,409,7,,0,,,,,,,,,,,,,,,,,,,,,,,,,,,,,,,,,,,,,,,,,,,,,,,,,,,,,,,,,,,,,,,,,,,,,,,,,,,,,,,,,,,,,,,,,,,,,,,,,,,,,,,,,,,,,6,2,22,,,,,,,,,,,,,,,,,,,,,,,
105,,,,,,,,,,,,,4,Run4TrialProc,2,f,X.bmp,,,Run4TrialList,,,,,,,,,,,,,,,,,,,,,,,,,,,,,,,,,,,,,,,,,,,,,,,,,,,,,,,,,,,,,,,,,,,,,,,,,,,,,,,,,,,,,,,,,,,,,,,,,,,,,,,,,,,,,,,,,Fear,02F_FE_O.bmp,5000,6000,,,16,1758526,0,0,1,0,,,5015,15,1763541,0,0,1764007,0,466,7,,1016,16,1764557,0,0,1,0,,,6031,31,1770588,0,0,1771063,0,475,7,,0,,,,,,,,,,,,,,,,,,,,,,,,,,,,,,,,,,,,,,,,,,,,,,,,,,,,,,,,,,,,,,,,,,,,,,,,,,,,,,,,,,,,,,,,,,,,,,,,,,,,,,,,,,,,,4,2,23,,,,,,,,,,,,,,,,,,,,,,,
106,,,,,,,,,,,,,4,Run4TrialProc,3,n,question.bmp,,,Run4TrialList,,,,,,,,,,,,,,,,,,,,,,,,,,,,,,,,,,,,,,,,,,,,,,,,,,,,,,,,,,,,,,,,,,,,,,,,,,,,,,,,,,,,,,,,,,,,,,,,,,,,,,,,,,,,,,,,,Neutral,BluePlasticPlate.bmp,7000,5000,,,16,1771604,0,0,1,0,,,7014,14,1778618,0,0,1779175,0,557,7,,1016,16,1779634,0,0,1,0,,,5032,32,1784666,0,0,1785079,0,413,7,,0,,,,,,,,,,,,,,,,,,,,,,,,,,,,,,,,,,,,,,,,,,,,,,,,,,,,,,,,,,,,,,,,,,,,,,,,,,,,,,,,,,,,,,,,,,,,,,,,,,,,,,,,,,,,,24,2,24,,,,,,,,,,,,,,,,,,,,,,,
107,,,,,,,,,,,,,3,Run4Proc,,,,,,StudyList,,,,,,,,,,,,,,,,,,,,,,,,,,,,,,,,,,,,,,,,,,,,,,,,,,,,,,,,,,,,,,,,,,,,,,,,,,,,,,,,,,,,,,,,,,,,,,,,,,,,,,,,,,,,,,,,,,,,,,,,,,,,,,,,,,,,,,,,,,,,,,,,,,,,,,,,,,,,,4,1,4,15,1408486,-999999,1423863,0,15377,{SPACE},,0,,,,,,,,,,,,,,,,,,,17,1423880,-999999,1424087,0,207,{SPACE},,0,,,,,,,,,,17,1424296,-999999,1443655,0,19359,{`},,0,17,1443672,0,0,0,0,,,10012,16,1785682,0,0,0,0,,,20008,8,1805690,0,0,1,0,,,0,,,,,,,,,,,,,,,,,,,,,,,,,,,,26,1424113,-999999,1424279,0,166,{SPACE},,0,,,,,,,,,,,,,,
108,,,,,,,,,,,,,2,MainProc,,,,,,CueList,,,,,,,,,,,,,,,,,,,,,,,,,,,,,,,,,,,,,,,,,,,,,,,,,,,,,,,,,,,,,,,,,,,,,,,,,,,,,,,,,,,,,,,,,,,,,,,,,,,,,,,,,,,,,,,,,,,,,,,,,,,,,,,,,,,,,,,,,,,,,,,,,,,,,,,,,,,,,,,,,,,,,,,,,,,,,,,,,,,,,,,,,,,,,,,,,,,,,,,,,,,,,,,,,,,,,,,,,,,,,,,,,,,,,,,,,,,,,,,,,,,,,,,,,,,,,,,,,,,,,,,,,,,,,,,,,,,,,1,X.bmp,o.bmp,question.bmp,1,X.bmp,2,1,,,,,,
109,,,UncertainTask_Final_newgsr,05-09-2024,18:10:50,,120,1,2,UncertainTask_Final_newgsr-120-1,-253518359,60.026,1,,,,,,,,,,,,,,,,,,,,,,,,,,,,,,,,,,,,,,,,,,,,,,,,,,,,,,,,,,,,,,,,,,,,,,,,,,,,,,,,,,,,,,,,,,,,,,,,,,,,,,,,,,,,,,,,,,,,,,,,,,,,,,,,,,,,,,,,,,,,,,,,,,,,,,,,,,,,,,,,,,,,,,,,,,,,,,,,,,,,,,,,,,,,,,,,,,,,,,,,,,,,,,,,,,,,,,,,,,,,,,,,,,,,,,,,,,,,,,,,,,,,,,,,,,,,,,,,,,,,,,,,,,,,,,,,,,,,,,,,,,,,,,,,,,,,"<?xml version=""1.0""?>\n<Clock xmlns:dt=""urn:schemas-microsoft-com:datatypes""><Description dt:dt=""string"">E-Prime Primary Realtime Clock</Description><StartTime><Timestamp dt:dt=""int"">0</Timestamp><DateUtc dt:dt=""string"">2024-05-09T23:10:50Z</DateUtc></StartTime><FrequencyChanges><FrequencyChange><Frequency dt:dt=""r8"">10000000</Frequency><Timestamp dt:dt=""r8"">6485145052363</Timestamp><Current dt:dt=""r8"">0</Current><DateUtc dt:dt=""string"">2024-05-09T23:10:50Z</DateUtc></FrequencyChange></FrequencyChanges></Clock>\n",2.0.10.252,2.0.10.356,2.0.10.356,Professional,1.0.0.169
